Link,Title,Resource type,Category,Author,Education level,Resource level,Discipline,Resource type
https://course.naturecast.org/,Ecological Dynamics & Forecasting Course,Course Material,Basics of forecasting,Ethan White & Morgan Ernest,Graduate,Advanced,Ecological Forecasting,Course Material
https://ecoforecast.org/ee-585/,Ecological Forecasting and Informatics,Course Material,Basics of forecasting,Michael Dietze,Graduate,Advanced,"Ecological Forecasting, Coding",Course Material
https://www.youtube.com/watch?v=kq0DTcotpA0&list=PLLWiknuNGd50Lc3rft4kFPc_oxAhiQ-6s&index=1,Why Forecast?,Video,Basics of forecasting,NEON,Graduate; Professional,Introductory,Ecological Forecasting,Video
https://www.youtube.com/watch?v=fG3GI_3wvO0&list=PLLWiknuNGd50Lc3rft4kFPc_oxAhiQ-6s&index=2,Predictability First Principles,Video,Basics of forecasting,NEON,Graduate; Professional,Introductory,Ecological Forecasting,Video
https://www.youtube.com/watch?v=zBsqjmdLYfk&list=PLLWiknuNGd50Lc3rft4kFPc_oxAhiQ-6s&index=14,Forecast Analysis Cycle,Video,Basics of forecasting,NEON,Graduate; Professional,Introductory,Ecological Forecasting,Video
https://ecoforecast.org/nefi2019/,NEFI 2019 Summer Course,Course Material,Basics of forecasting,EFI,Graduate,Introductory,Ecological Forecasting; Statistics; Coding,Course Material
https://ecoforecast.org/nefi2020/,NEFI 2020 Summer Course,Course Material,Basics of forecasting,EFI,Graduate,Introductory,Ecological Forecasting; Statistics; Coding,Course Material
http://people.bu.edu/dietze/manuscripts/EcologicalForecasting2018OxfordBibliographies.pdf,Oxford Bibliographies: Ecological Forecasting,Repository,Basics of forecasting,Michael Dietze,Graduate,Introductory; Advanced,Ecological Forecasting,Repository
https://youtu.be/Lgi_e7N-C8E,Ecological Forecasting: The Science of Predicting Ecosystems,Video,Basics of forecasting,NEON,Undergraduate,Introductory,Ecological Forecasting,Video
https://youtu.be/kyPg3jV4pJ8,Introduction to Making Forecasts from Time-Series Modelse in R (weecology video series),Video,Basics of forecasting,Ethan White & Morgan Ernest,Undergraduate,Introductory,Ecological Forecasting; Coding,Video
https://youtu.be/govzki35PIQ,Introduction to Making Forecasts with Cross-sectional Data (weecology video series),Video,Basics of forecasting,Ethan White & Morgan Ernest,Undergraduate,Introductory,Ecological Forecasting; Coding,Video
https://course.naturecast.org/,Ecological Dynamics & Forecasting Course,Course Material,Basics of R,Ethan White & Morgan Ernest,Graduate,Advanced,Ecological Forecasting,Course Material
https://serc.carleton.edu/eddie/macrosystems/module1,Climate Change Effects on Lake Temperatures,Module,Basics of R,"Cayelan Carey, Kait Farrell, Alexandria Hounshell",Undergraduate,Introductory; Advanced,Ecology; Data Science,Module
https://www.learnr4free.com,learnR4free,Repository; Module,Basics of R,Mine Dogucu,Undergraduate; Graduate,Introductory; Advanced,Coding,Repository; Module
https://rstudio.com/resources/cheatsheets/,RStudio Cheatsheets,Repository,Basics of R,,Graduate,Advanced,Coding,Repository
http://stat545.com,"Data wrangling, exploration, and analysis with R",Course Material,Basics of R,Jenny Bryan,Graduate,Introductory,Statistics; Coding: Data Science,Course Material
https://serc.carleton.edu/eddie/earthecosystems/eddieevents/workshops/barriers_solutions/activities_collection/235007.html,Using Phenocams and Eddy Covariance Data,Course Material,Basics of R,Mary Heskel,Graduate,Advanced,Statistics; Ecology,Course Material
https://serc.carleton.edu/eddie/earthecosystems/eddieevents/workshops/barriers_solutions/activities_collection/235008.html,Using ModisTools Data,Course Material,Basics of R,Mary Heskel,Graduate; Undergraduate,Advanced,Ecology; Coding; Data Science,Course Material
https://serc.carleton.edu/eddie/earthecosystems/eddieevents/workshops/barriers_solutions/activities_collection/235008.html,Swirl,Repository,Basics of R,,Undergraduate,Introductory,Coding,Repository
https://github.com/marneypratt/introR4bio,Data Carpentry for Biologists,Course Material,Basics of R,Data Carpentry,Undergraduate,Introductory,Coding; Data Science,Course Material
https://youtu.be/Zr81Xn-sic4,What are Rscripts (weecology video series),Video,Basics of R,Ethan White & Morgan Ernest,Undergraduate,Introductory,Coding,Video
https://youtu.be/reiKRkwfUxo,Saving Rscripts and Setting the Working Director (weecology video series),Video,Basics of R,Ethan White & Morgan Ernest,Undergraduate,Introductory,Coding,Video
https://youtu.be/hSNTIP3jdLs,What is an Rnotebook (weecology video series),Video,Basics of R,Ethan White & Morgan Ernest,Undergraduate,Introductory,Coding,Video
https://youtu.be/2p1grj-f_iA,Issues w character dates (weecology video series),Video,Basics of R,Ethan White & Morgan Ernest,Undergraduate,Introductory,Coding,Video
https://youtu.be/NmVIPNk85yI,Formatting dates (weecology video series),Video,Basics of R,Ethan White & Morgan Ernest,Undergraduate,Introductory,Coding,Video
https://youtu.be/yAAgJm9zgqQ,Importing Dates with Times (weecology video series),Video,Basics of R,Ethan White & Morgan Ernest,Undergraduate,Introductory,Coding,Video
https://youtu.be/8XR14F7CdmE,Using Lubridate (weecology video series),Video,Basics of R,Ethan White & Morgan Ernest,Undergraduate,Introductory,Coding,Video
https://youtu.be/mZ3qiSGcWKw,Introduction to dates and times (weecology video series),Video,Basics of R,Ethan White & Morgan Ernest,Undergraduate,Introductory,Coding,Video
https://youtu.be/gcCmQRiweXo,Importing dates (weecology video series),Video,Basics of R,Ethan White & Morgan Ernest,Undergraduate,Introductory,Coding,Video
https://youtu.be/7TJ9rES31hw,WhatisRStudio (weecology video series),Video,Basics of R,Ethan White & Morgan Ernest,Undergraduate,Introductory,Coding,Video
https://youtu.be/qVDAxVx6D_Q,Loading data for time series decomposition (weecology video series),Video,Basics of R,Ethan White & Morgan Ernest,Undergraduate,Introductory,Coding,Video
https://youtu.be/OXrn7hI08TI,Importing Data into a Time Series Object (weecology video series),Video,Basics of R,Ethan White & Morgan Ernest,Undergraduate,Introductory,Coding,Video
https://youtu.be/16ClJ5piZW4,Conducting a Moving Average in R (weecology video series),Video,Basics of R,Ethan White & Morgan Ernest,Undergraduate,Introductory,Coding,Video
https://youtu.be/nYAQMnAguQ8,Using decompose() to do a time series decomposition in R (weecology video series),Video,Basics of R,Ethan White & Morgan Ernest,Undergraduate,Introductory,Coding,Video
https://youtu.be/Y8OHQjcYEjU,Using Season Trend Decomposition using Loess (stl) in R (weecology video series),Video,Basics of R,Ethan White & Morgan Ernest,Undergraduate,Introductory,Coding,Video
https://youtu.be/deV2SlJ2Dnw,Using acf() in R to explore autocorrelation (weecology video series),Video,Basics of R,Ethan White & Morgan Ernest,Undergraduate,Introductory,Coding,Video
https://youtu.be/4W9uI4pjc8U,Using pacf() to diagnose the time lag for autoregressive models (weecology video series),Video,Basics of R,Ethan White & Morgan Ernest,Undergraduate,Introductory,Coding,Video
https://youtu.be/iS5VKoEhJl4,Fitting a white noise model to data (weecology video series),Video,Basics of R,Ethan White & Morgan Ernest,Undergraduate,Introductory,Coding,Video
https://youtu.be/6gmCNGRrRBs,Fitting an ARIMA model in R (weecology video series),Video,Basics of R,Ethan White & Morgan Ernest,Undergraduate,Introductory,Coding,Video
https://youtu.be/Uk9VxIlbj8I,Fitting a seasonal ARIMA in R (weecology video series),Video,Basics of R,Ethan White & Morgan Ernest,Undergraduate,Introductory,Coding,Video
https://youtu.be/A72HE1XxX5Y,Fitting external predictors using auto.arima() (weecology video series),Video,Basics of R,Ethan White & Morgan Ernest,Undergraduate,Introductory,Coding,Video
https://youtu.be/JUIoMc0isdI,Using auto.arima() in R (weecology video series),Video,Basics of R,Ethan White & Morgan Ernest,Undergraduate,Introductory,Coding,Video
https://rstudio.com/resources/cheatsheets/,RStudio Cheatsheets,Repository,Basics of Python,,Graduate,Advanced,Coding,Repository
http://faculty.washington.edu/lbuckley/?page_id=522,Lauren Buckley's Lab Website,Module; Course Material to come,Basics of ecology,Lauren Buckley,Undergraduate; Graduate,Advanced,Ecology,Module; Course Material to come
https://course.naturecast.org/,Ecological Dynamics & Forecasting Course,Course Material,Basics of ecology,Ethan White & Morgan Ernest,Graduate,Advanced,Ecological Forecasting,Course Material
https://ecoforecast.org/ee-585/,Ecological Forecasting and Informatics,Course Material,Basics of ecology,Michael Dietze,Graduate,Advanced,"Ecological Forecasting, Coding",Course Material
https://trench-ed.github.io/#,TRENCH-ED,Module,Basics of ecology,Lauren Buckley,Undergraduate,Introductory,Ecology,Module
http://erenweb.org/education/curricula/,EREN Curricula,Module,Basics of ecology,Ecological Research as Education Network (EREN),Undergraduate,Introductory,Ecology,Module
https://www.e-education.psu.edu/earth103/,Earth in the Future,Couse Material; Video,Basics of ecology,Tim Bralower,Undergraduate,Introductory,Ecology,Couse Material; Video
https://serc.carleton.edu/eddie/macrosystems/module1,Climate Change Effects on Lake Temperatures,Module,Basics of ecology,"Cayelan Carey, Kait Farrell, Alexandria Hounshell",Undergraduate,Introductory; Advanced,Ecology; Data Science,Module
https://serc.carleton.edu/eddie/macrosystems/module2,Cross-Scale Interactions,Module,Basics of ecology,"Cayelan Carey, Kait Farrell, Alexandria Hounshell",Undergraduate,Introductory; Advanced,Ecology; Data Science,Module
https://serc.carleton.edu/eddie/macrosystems/module3,Teleconnections,Module,Basics of ecology,"Cayelan Carey, Kait Farrell, Alexandria Hounshell",Undergraduate,Introductory; Advanced,Ecology; Data Science,Module
https://serc.carleton.edu/eddie/macrosystems/module4,Macro-Scale Feedbacks,Module,Basics of ecology,"Cayelan Carey, Kait Farrell, Alexandria Hounshell",Undergraduate,Introductory; Advanced,Ecology; Data Science,Module
https://serc.carleton.edu/eddie/enviro_data/activities/lake_ice.html,Lake Ice Phenology Module,Module,Basics of ecology,EDDIE Contributors,Undergraduate,Introductory; Advanced,Statistics; Ecology; Data Science,Module
https://serc.carleton.edu/eddie/enviro_data/activities/lake_metabolism.html,Lake Metabolism Module,Module,Basics of ecology,EDDIE Contributors,Undergraduate,Introductory; Advanced,Statistics; Ecology; Data Science,Module
https://serc.carleton.edu/eddie/enviro_data/activities/lake_mixing.html,Lake Mixing Module,Module,Basics of ecology,EDDIE Contributors,Undergraduate,Introductory; Advanced,Statistics; Ecology; Data Science,Module
https://serc.carleton.edu/eddie/enviro_data/activities/stream_discharg.html,Stream Discharge Module,Module,Basics of ecology,EDDIE Contributors,Undergraduate,Introductory; Advanced,Statistics; Ecology; Data Science,Module
https://serc.carleton.edu/eddie/enviro_data/activities/water_quality.html,Water Quality Module,Module,Basics of ecology,EDDIE Contributors,Undergraduate,Introductory; Advanced,Statistics; Ecology; Data Science,Module
https://serc.carleton.edu/eddie/enviro_data/activities/soil_respiratio.html,Soil Respiration Module,Module,Basics of ecology,EDDIE Contributors,Undergraduate,Introductory; Advanced,Statistics; Ecology; Data Science,Module
https://serc.carleton.edu/eddie/enviro_data/activities/nutrient_load.html,Nutrient Loading Module,Module,Basics of ecology,EDDIE Contributors,Undergraduate,Introductory; Advanced,Statistics; Ecology; Data Science,Module
https://serc.carleton.edu/eddie/enviro_data/activities/climate_change.html,Climate Change Module,Module,Basics of ecology,EDDIE Contributors,Undergraduate,Introductory; Advanced,Statistics; Ecology; Data Science,Module
https://serc.carleton.edu/eddie/earthecosystems/eddieevents/workshops/barriers_solutions/activities_collection/235008.html,Using ModisTools Data,Course Material,Basics of ecology,Mary Heskel,Graduate; Undergraduate,Advanced,Ecology; Coding; Data Science,Course Material
https://serc.carleton.edu/eddie/earthecosystems/eddieevents/workshops/barriers_solutions/activities_collection/219286.html,Inland water chemistry: the Nordic Lake Survey 1995,Course Material,Basics of ecology,Tom Andersen,Undergraduate,Introductory,Ecology; Coding; Data Science,Course Material
https://serc.carleton.edu/eddie/earthecosystems/eddieevents/workshops/barriers_solutions/activities_collection/219417.html,Examining Changes in Waterfowl Density and Climate Change,Module,Basics of ecology,Jon Sweetman,Undergraduate,Introductory,Statistics; Ecology,Module
https://people.carleton.edu/~dmaxbauer/paleo.html,Paleobiology,Course Material,Basics of ecology,Dan Maxbauer,Undergraduate,Introductory,Ecology,Course Material
https://people.carleton.edu/~dmaxbauer/carbon.html,Carbon and Climate,Course Material,Basics of ecology,Dan Maxbauer,Undergraduate,Introductory,Ecology; Ecological Forecasting,Course Material
https://www.youtube.com/playlist?list=PL8dPuuaLjXtNM_Y-bUAhblSAdWRnmBUcr,Crash Course Statistics,Video,Basics of Statistics,Crash Course,Undergraduate,Introductory,Statistics,Video
https://youtu.be/D45ddUVcEfY,Introduction to Time Series Decomposition (weecology video series),Video,Basics of Statistics,Ethan White & Morgan Ernest,Undergraduate,Introductory,Ecological Forecasting,Video
https://youtu.be/2wcUuTqrj60,Identifying the Long-term Signal in a Time Series (weecology video series),Video,Basics of Statistics,Ethan White & Morgan Ernest,Undergraduate,Introductory,Ecological Forecasting; Coding,Video
https://youtu.be/oxMZ_cVUTP0,Time series decomposition: Removing the long-term signal (weecology video series),Video,Basics of Statistics,Ethan White & Morgan Ernest,Undergraduate,Introductory,Ecological Forecasting,Video
https://youtu.be/iG9pOaQmvJs,Multiplicative vs. additive time series decomposition in R (weecology video series),Video,Basics of Statistics,Ethan White & Morgan Ernest,Undergraduate,Introductory,Ecological Forecasting; Coding,Video
https://youtu.be/Y8OHQjcYEjU,Using Season Trend Decomposition using Loess (stl) in R (weecology video series),Video,Basics of Statistics,Ethan White & Morgan Ernest,Undergraduate,Introductory,Ecological Forecasting; Coding,Video
https://youtu.be/iO3yXnnSksM,Generating random time series in R (weecology video series),Video,Basics of Statistics,Ethan White & Morgan Ernest,Undergraduate,Introductory,Statistics; Coding,Video
https://youtu.be/iSfRh8nxAgI,Introduction to exploring autocorrelation (weecology video series),Video,Basics of Statistics,Ethan White & Morgan Ernest,Undergraduate,Introductory,Statistics,Video
https://youtu.be/V-4W8Wl-H9E,Exploring autocorrelation through lag plots (weecology video series),Video,Basics of Statistics,Ethan White & Morgan Ernest,Undergraduate,Introductory,Coding; Data Science,Video
https://youtu.be/KXsYYhdkjgs,Autoregressive vs moving average processes (weecology video series),Video,Basics of Statistics,Ethan White & Morgan Ernest,Undergraduate,Introductory,Statistics; Coding,Video
https://youtu.be/dKDgihvtZGk,Exploring lagged correlations between different time series (weecology video series),Video,Basics of Statistics,Ethan White & Morgan Ernest,Undergraduate,Introductory,Statistics; Coding,Video
http://gisinecology.com/,GIS in Ecology,Video; Workshop; Repository,Data Sources,Colin MacLeod,Undergraduate,Introductory,Ecology,Video; Workshop; Repository
http://www.gisforbiologists.com/,GIS for Biologists,Video; Module,Data Sources,Colin MacLeod,Undergraduate,Introductory,Ecology,Video; Module
https://serc.carleton.edu/eddie/earthecosystems/eddieevents/workshops/barriers_solutions/activities_collection/235007.html,Using Phenocams and Eddy Covariance Data,Course Material,Data Sources,Mary Heskel,Graduate,Advanced,Statistics; Ecology,Course Material
https://serc.carleton.edu/eddie/earthecosystems/eddieevents/workshops/barriers_solutions/activities_collection/235008.html,Using ModisTools Data,Course Material,Data Sources,Mary Heskel,Graduate; Undergraduate,Advanced,Ecology; Coding; Data Science,Course Material
https://www.e-education.psu.edu/earth103/,Earth in the Future,Couse Material; Video,Data Sources,Tim Bralower,Undergraduate,Introductory,Ecology,Couse Material; Video
http://erenweb.org/education/curricula/,EREN Curricula,Module,Working with Data,Ecological Research as Education Network (EREN),Undergraduate,Introductory,Ecology,Module
https://serc.carleton.edu/eddie/macrosystems/module4,Macro-Scale Feedbacks,Module,Working with Data,"Cayelan Carey, Kait Farrell, Alexandria Hounshell",Undergraduate,Introductory; Advanced,Ecology; Data Science,Module
https://serc.carleton.edu/eddie/enviro_data/activities/lake_metabolism.html,Lake Metabolism Module,Module,Working with Data,EDDIE Contributors,Undergraduate,Introductory; Advanced,Statistics; Ecology; Data Science,Module
https://serc.carleton.edu/eddie/enviro_data/activities/lake_mixing.html,Lake Mixing Module,Module,Working with Data,EDDIE Contributors,Undergraduate,Introductory; Advanced,Statistics; Ecology; Data Science,Module
https://serc.carleton.edu/eddie/enviro_data/activities/stream_discharg.html,Stream Discharge Module,Module,Working with Data,EDDIE Contributors,Undergraduate,Introductory; Advanced,Statistics; Ecology; Data Science,Module
https://serc.carleton.edu/eddie/enviro_data/activities/water_quality.html,Water Quality Module,Module,Working with Data,EDDIE Contributors,Undergraduate,Introductory; Advanced,Statistics; Ecology; Data Science,Module
https://serc.carleton.edu/eddie/enviro_data/activities/soil_respiratio.html,Soil Respiration Module,Module,Working with Data,EDDIE Contributors,Undergraduate,Introductory; Advanced,Statistics; Ecology; Data Science,Module
https://serc.carleton.edu/eddie/enviro_data/activities/nutrient_load.html,Nutrient Loading Module,Module,Working with Data,EDDIE Contributors,Undergraduate,Introductory; Advanced,Statistics; Ecology; Data Science,Module
https://serc.carleton.edu/eddie/enviro_data/activities/climate_change.html,Climate Change Module,Module,Working with Data,EDDIE Contributors,Undergraduate,Introductory; Advanced,Statistics; Ecology; Data Science,Module
https://serc.carleton.edu/eddie/earthecosystems/eddieevents/workshops/barriers_solutions/activities_collection/219286.html,Inland water chemistry: the Nordic Lake Survey 1995,Course Material,Working with Data,Tom Andersen,Undergraduate,Introductory,Ecology; Coding; Data Science,Course Material
https://serc.carleton.edu/eddie/earthecosystems/eddieevents/workshops/barriers_solutions/activities_collection/219289.html,Baseflow Recession,Module,Working with Data,Les Hasbargen,Undergraduate,Introductory,Statistics; Ecology,Module
https://serc.carleton.edu/eddie/earthecosystems/eddieevents/workshops/barriers_solutions/activities_collection/219417.html,Examining Changes in Waterfowl Density and Climate Change,Module,Working with Data,Jon Sweetman,Undergraduate,Introductory,Statistics; Ecology,Module
https://ecoforecast.org/ee-585/,Ecological Forecasting and Informatics,Course Material,Data,Michael Dietze,Graduate,Advanced,"Ecological Forecasting, Coding",Course Material
https://github.com/Open-Data-Science-at-SIO/Intro-Data-Viz-Winter-2017,Introduction to Data Visualization and Data Wrangling for R Users Group,Course Material,Data,Hao Ye,Undergraduate; Graduate,Introductory,Data Science,Course Material
https://datacarpentry.org/lessons/#ecology-workshop,Data Carpentry Ecology Curriculum,Module; Workshop,Data,Data Carpentry,Undergraduate; Graduate,Introductory; Advanced,Ecology; Data Science,Module; Workshop
https://rstudio.com/resources/cheatsheets/,RStudio Cheatsheets,Repository,Data,,Graduate,Advanced,Coding,Repository
http://stat545.com,"Data wrangling, exploration, and analysis with R",Course Material,Data,Jenny Bryan,Graduate,Introductory,Statistics; Coding: Data Science,Course Material
https://github.com/Open-Data-Science-at-SIO/Intro-Data-Viz-Winter-2017,Introduction to Data Visualization and Data Wrangling for R Users Group,Course Material,Data visualization tools,Hao Ye,Undergraduate; Graduate,Introductory,Data Science,Course Material
https://datacarpentry.org/lessons/#ecology-workshop,Data Carpentry Ecology Curriculum,Module; Workshop,Data visualization tools,Data Carpentry,Undergraduate; Graduate,Introductory; Advanced,Ecology; Data Science,Module; Workshop
https://rstudio.com/resources/cheatsheets/,RStudio Cheatsheets,Repository,Data visualization tools,,Graduate,Advanced,Coding,Repository
http://stat545.com,"Data wrangling, exploration, and analysis with R",Course Material,Data visualization tools,Jenny Bryan,Graduate,Introductory,Statistics; Coding: Data Science,Course Material
https://serc.carleton.edu/eddie/enviro_data/activities/lake_ice.html,Lake Ice Phenology Module,Module,Data visualization tools,EDDIE Contributors,Undergraduate,Introductory; Advanced,Statistics; Ecology; Data Science,Module
https://serc.carleton.edu/eddie/enviro_data/activities/nutrient_load.html,Nutrient Loading Module,Module,Data visualization tools,EDDIE Contributors,Undergraduate,Introductory; Advanced,Statistics; Ecology; Data Science,Module
https://serc.carleton.edu/eddie/enviro_data/activities/climate_change.html,Climate Change Module,Module,Data visualization tools,EDDIE Contributors,Undergraduate,Introductory; Advanced,Statistics; Ecology; Data Science,Module
https://serc.carleton.edu/eddie/earthecosystems/eddieevents/workshops/barriers_solutions/activities_collection/235007.html,Using Phenocams and Eddy Covariance Data,Course Material,Data visualization tools,Mary Heskel,Graduate,Advanced,Statistics; Ecology,Course Material
https://serc.carleton.edu/eddie/earthecosystems/eddieevents/workshops/barriers_solutions/activities_collection/235008.html,Using ModisTools Data,Course Material,Data visualization tools,Mary Heskel,Graduate; Undergraduate,Advanced,Ecology; Coding; Data Science,Course Material
https://serc.carleton.edu/eddie/earthecosystems/eddieevents/workshops/barriers_solutions/activities_collection/219286.html,Inland water chemistry: the Nordic Lake Survey 1995,Course Material,Data visualization tools,Tom Andersen,Undergraduate,Introductory,Ecology; Coding; Data Science,Course Material
https://serc.carleton.edu/eddie/earthecosystems/eddieevents/workshops/barriers_solutions/activities_collection/219289.html,Baseflow Recession,Module,Data visualization tools,Les Hasbargen,Undergraduate,Introductory,Statistics; Ecology,Module
https://serc.carleton.edu/eddie/earthecosystems/eddieevents/workshops/barriers_solutions/activities_collection/219417.html,Examining Changes in Waterfowl Density and Climate Change,Module,Data visualization tools,Jon Sweetman,Undergraduate,Introductory,Statistics; Ecology,Module
https://www.r-graph-gallery.com/,R Graph Data Visualization,Repository,Data visualization tools,,Undergraduate; Graduate,Introductory,Data Science,Repository
https://youtu.be/V-4W8Wl-H9E,Exploring autocorrelation through lag plots (weecology video series),Video,Data visualization tools,Ethan White & Morgan Ernest,Undergraduate,Introductory,Coding; Data Science,Video
https://youtu.be/ODmOr76QnWc,Evaluating Forecasts - Hindcasting & Visual Evaluation (weecology video series),Video,Data visualization tools,Ethan White & Morgan Ernest,Undergraduate,Introductory,Ecological Forecasting; Coding,Video
https://ecoforecast.org/ee-585/,Ecological Forecasting and Informatics,Course Material,Statistical models,Michael Dietze,Graduate,Advanced,"Ecological Forecasting, Coding",Course Material
https://www.youtube.com/watch?v=mVzgaU3Z0LE&list=PLLWiknuNGd50Lc3rft4kFPc_oxAhiQ-6s&index=6,Latent Variables,Video,Statistical models,NEON,Graduate; Professional,Introductory,Ecological Forecasting,Video
https://www.youtube.com/watch?v=SMWleVKO9ZM&list=PLLWiknuNGd50Lc3rft4kFPc_oxAhiQ-6s&index=7,Bayesian Hierarchical Models,Video,Statistical models,NEON,Graduate; Professional,Introductory,Ecological Forecasting,Video
https://ecoforecast.org/nefi2019/,NEFI 2019 Summer Course,Course Material,Statistical models,EFI,Graduate,Introductory,Ecological Forecasting; Statistics; Coding,Course Material
https://ecoforecast.org/nefi2020/,NEFI 2020 Summer Course,Course Material,Statistical models,EFI,Graduate,Introductory,Ecological Forecasting; Statistics; Coding,Course Material
https://serc.carleton.edu/eddie/enviro_data/activities/lake_ice.html,Lake Ice Phenology Module,Module,Statistical models,EDDIE Contributors,Undergraduate,Introductory; Advanced,Statistics; Ecology; Data Science,Module
https://serc.carleton.edu/eddie/enviro_data/activities/stream_discharg.html,Stream Discharge Module,Module,Statistical models,EDDIE Contributors,Undergraduate,Introductory; Advanced,Statistics; Ecology; Data Science,Module
https://serc.carleton.edu/eddie/enviro_data/activities/water_quality.html,Water Quality Module,Module,Statistical models,EDDIE Contributors,Undergraduate,Introductory; Advanced,Statistics; Ecology; Data Science,Module
https://serc.carleton.edu/eddie/enviro_data/activities/soil_respiratio.html,Soil Respiration Module,Module,Statistical models,EDDIE Contributors,Undergraduate,Introductory; Advanced,Statistics; Ecology; Data Science,Module
https://serc.carleton.edu/eddie/enviro_data/activities/nutrient_load.html,Nutrient Loading Module,Module,Statistical models,EDDIE Contributors,Undergraduate,Introductory; Advanced,Statistics; Ecology; Data Science,Module
https://serc.carleton.edu/eddie/enviro_data/activities/spec_seismo.html,Spectral Seismology Module,Module,Statistical models,EDDIE Contributors,Undergraduate,Introductory; Advanced,Statistics; Ecology; Data Science,Module
https://serc.carleton.edu/eddie/earthecosystems/eddieevents/workshops/barriers_solutions/activities_collection/219289.html,Baseflow Recession,Module,Statistical models,Les Hasbargen,Undergraduate,Introductory,Statistics; Ecology,Module
https://serc.carleton.edu/eddie/earthecosystems/eddieevents/workshops/barriers_solutions/activities_collection/219417.html,Examining Changes in Waterfowl Density and Climate Change,Module,Statistical models,Jon Sweetman,Undergraduate,Introductory,Statistics; Ecology,Module
https://youtu.be/OO-KjD1sOBQ,Time series modeling: starting with white noise (weecology video series),Video,Statistical models,Ethan White & Morgan Ernest,Undergraduate,Introductory,Ecological Forecasting; Statistics,Video
https://youtu.be/iS5VKoEhJl4,Fitting a white noise model to data (weecology video series),Video,Statistical models,Ethan White & Morgan Ernest,Undergraduate,Introductory,Ecological Forecasting; Statistics; Coding,Video
https://youtu.be/hD13nv8SK6A,Explaining the ARIMA model (weecology video series),Video,Statistical models,Ethan White & Morgan Ernest,Undergraduate,Introductory,Ecological Forecasting; Statistics,Video
https://youtu.be/6gmCNGRrRBs,Fitting an ARIMA model in R (weecology video series),Video,Statistical models,Ethan White & Morgan Ernest,Undergraduate,Introductory,Ecological Forecasting; Statistics; Coding,Video
https://youtu.be/m6fplOpo4qs,Modeling seasonal signals in ARIMA models (weecology video series),Video,Statistical models,Ethan White & Morgan Ernest,Undergraduate,Introductory,Ecological Forecasting; Statistics,Video
https://youtu.be/Uk9VxIlbj8I,Fitting a seasonal ARIMA in R (weecology video series),Video,Statistical models,Ethan White & Morgan Ernest,Undergraduate,Introductory,Ecological Forecsating; Statistics; Coding,Video
https://bookdown.org/huckley/Physical_Processes_In_Ecosystems/,Physical Processes in Ecosystems,Textbook,Mechanistic models,RH Hertzberg & Lauren Buckley,Undergraduate; Graduate,Advanced,Ecology; Statistics,Textbook
https://ecoforecast.org/ee-585/,Ecological Forecasting and Informatics,Course Material,Mechanistic models,Michael Dietze,Graduate,Advanced,"Ecological Forecasting, Coding",Course Material
https://serc.carleton.edu/eddie/macrosystems/module1,Climate Change Effects on Lake Temperatures,Module,Mechanistic models,"Cayelan Carey, Kait Farrell, Alexandria Hounshell",Undergraduate,Introductory; Advanced,Ecology; Data Science,Module
https://serc.carleton.edu/eddie/macrosystems/module2,Cross-Scale Interactions,Module,Mechanistic models,"Cayelan Carey, Kait Farrell, Alexandria Hounshell",Undergraduate,Introductory; Advanced,Ecology; Data Science,Module
https://serc.carleton.edu/eddie/macrosystems/module3,Teleconnections,Module,Mechanistic models,"Cayelan Carey, Kait Farrell, Alexandria Hounshell",Undergraduate,Introductory; Advanced,Ecology; Data Science,Module
https://serc.carleton.edu/eddie/macrosystems/module4,Macro-Scale Feedbacks,Module,Mechanistic models,"Cayelan Carey, Kait Farrell, Alexandria Hounshell",Undergraduate,Introductory; Advanced,Ecology; Data Science,Module
https://people.carleton.edu/~dmaxbauer/carbon.html,Carbon and Climate,Course Material,Mechanistic models,Dan Maxbauer,Undergraduate,Introductory,Ecology; Ecological Forecasting,Course Material
https://course.naturecast.org/,Ecological Dynamics & Forecasting Course,Course Material,State space models,Ethan White & Morgan Ernest,Graduate,Advanced,Ecological Forecasting,Course Material
https://ecoforecast.org/ee-585/,Ecological Forecasting and Informatics,Course Material,State space models,Michael Dietze,Graduate,Advanced,"Ecological Forecasting, Coding",Course Material
http://people.bu.edu/dietze/Bayes2020/EE509.htm,Applied Environmental Statistics,Course Material,State space models,Michael Dietze,Graduate; Undergraduate,Advanced,Ecology; Statistics,Course Material
https://www.youtube.com/watch?v=vw-adWXVayM&list=PLLWiknuNGd50Lc3rft4kFPc_oxAhiQ-6s&index=9,State Space Models,Video,State space models,NEON,Graduate; Professional,Introductory,Ecological Forecasting,Video
https://ecoforecast.org/nefi2019/,NEFI 2019 Summer Course,Course Material,State space models,EFI,Graduate,Introductory,Ecological Forecasting; Statistics; Coding,Course Material
https://ecoforecast.org/nefi2020/,NEFI 2020 Summer Course,Course Material,State space models,EFI,Graduate,Introductory,Ecological Forecasting; Statistics; Coding,Course Material
https://youtu.be/T3ZGhXAO6VY,Introduction to State Space Modeling in R for Forecasting and Modeling Time Series (weecology video series),Video,State space models,Ethan White & Morgan Ernest,Undergraduate,Introductory,Ecological Forecasting; Statistics; Coding,Video
https://youtu.be/kvH05bu_FHc,Introduction to State Space Modeling in R for Forecasting and Modeling Time Series Part 2 (weecology video series),Video,State space models,Ethan White & Morgan Ernest,Undergraduate,Introducotry,Ecological Forecasting; Statistics; Coding,Video
https://course.naturecast.org/,Ecological Dynamics & Forecasting Course,Course Material,Uncertainty,Ethan White & Morgan Ernest,Graduate,Advanced,Ecological Forecasting,Course Material
https://ecoforecast.org/ee-585/,Ecological Forecasting and Informatics,Course Material,Uncertainty,Michael Dietze,Graduate,Advanced,"Ecological Forecasting, Coding",Course Material
http://people.bu.edu/dietze/Bayes2020/EE509.htm,Applied Environmental Statistics,Course Material,Uncertainty,Michael Dietze,Graduate; Undergraduate,Advanced,Ecology; Statistics,Course Material
https://www.youtube.com/watch?v=IKv11j1Z1KM&list=PLLWiknuNGd50Lc3rft4kFPc_oxAhiQ-6s&index=3,Modeling Statistical Uncertainty,Video,Uncertainty,NEON,Graduate; Professional,Introductory,Ecological Forecasting,Video
https://www.youtube.com/watch?v=woCy04H_-fA&list=PLLWiknuNGd50Lc3rft4kFPc_oxAhiQ-6s&index=5,Errors in Variables,Video,Uncertainty,NEON,Graduate; Professional,Introductory,Ecological Forecasting,Video
https://www.youtube.com/watch?v=fxJX729jHnY&list=PLLWiknuNGd50Lc3rft4kFPc_oxAhiQ-6s&index=10,Uncertainty Propagation: Tradeoffs & Analytical Moments,Video,Uncertainty,NEON,Graduate; Professional,Introductory,Ecological Forecasting,Video
https://www.youtube.com/watch?v=-PZrKjSEuiw&list=PLLWiknuNGd50Lc3rft4kFPc_oxAhiQ-6s&index=11,Uncertainty Propagation: Linear Tangent,Video,Uncertainty,NEON,Graduate; Professional,Introductory,Ecological Forecasting,Video
https://www.youtube.com/watch?v=rDCkjzVQNSw&list=PLLWiknuNGd50Lc3rft4kFPc_oxAhiQ-6s&index=12,Uncertainty Analysis,Video,Uncertainty,NEON,Graduate; Professional,Introductory,Ecological Forecasting,Video
https://www.youtube.com/watch?v=Wdob95zfqe8&list=PLLWiknuNGd50Lc3rft4kFPc_oxAhiQ-6s&index=13,Uncertainty Propagation: Monte Carlo,Video,Uncertainty,NEON,Graduate; Professional,Introductory,Ecological Forecasting,Video
https://ecoforecast.org/nefi2019/,NEFI 2019 Summer Course,Course Material,Uncertainty,EFI,Graduate,Introductory,Ecological Forecasting; Statistics; Coding,Course Material
https://ecoforecast.org/nefi2020/,NEFI 2020 Summer Course,Course Material,Uncertainty,EFI,Graduate,Introductory,Ecological Forecasting; Statistics; Coding,Course Material
http://people.bu.edu/dietze/manuscripts/EcologicalForecasting2018OxfordBibliographies.pdf,Oxford Bibliographies: Ecological Forecasting,Repository,Uncertainty,Michael Dietze,Graduate,Introductory; Advanced,Ecological Forecasting,Repository
https://serc.carleton.edu/eddie/earthecosystems/eddieevents/workshops/barriers_solutions/activities_collection/219417.html,Examining Changes in Waterfowl Density and Climate Change,Module,Uncertainty,Jon Sweetman,Undergraduate,Introductory,Statistics; Ecology,Module
https://youtu.be/hGlnIVYFUgg,Evaluating Forecasts - Evaluating Uncertainty Using Coverage (weecology video series),Video,Uncertainty,Ethan White & Morgan Ernest,Undergraduate,Introductory,Ecological Forecasting; Coding,Video
https://youtu.be/DHOfUYLnshA,Evaluating Forecasts - Evaluating How Forecast Accuracy Changes With Forecast Horizon (weecology video series),Video,Uncertainty,Ethan White & Morgan Ernest,Undergraduate,Introductory,Ecological Forecasting; Coding,Video
https://www.youtube.com/watch?v=cFNyVMEeKP8&list=PLLWiknuNGd50Lc3rft4kFPc_oxAhiQ-6s&index=15,Univariate Kalman Filter,Video,Data assimilation,NEON,Graduate; Professional,Introductory,Ecological Forecasting,Video
https://www.youtube.com/watch?v=aTmvmej1FHE&list=PLLWiknuNGd50Lc3rft4kFPc_oxAhiQ-6s&index=16,Multivariate Kalman Filter,Video,Data assimilation,NEON,Graduate; Professional,Introductory,Ecological Forecasting,Video
https://www.youtube.com/watch?v=UeFsEOGz_cc&list=PLLWiknuNGd50Lc3rft4kFPc_oxAhiQ-6s&index=17,Ensemble Kalman Filter,Video,Data assimilation,NEON,Graduate; Professional,Introductory,Ecological Forecasting,Video
https://www.youtube.com/watch?v=5JaCbWMnSy4&list=PLLWiknuNGd50Lc3rft4kFPc_oxAhiQ-6s&index=18,Particle Filter,Video,Data assimilation,NEON,Graduate; Professional,Introductory,Ecological Forecasting,Video
https://ecoforecast.org/nefi2019/,NEFI 2019 Summer Course,Course Material,Data assimilation,EFI,Graduate,Introductory,Ecological Forecasting; Statistics; Coding,Course Material
https://ecoforecast.org/nefi2020/,NEFI 2020 Summer Course,Course Material,Data assimilation,EFI,Graduate,Introductory,Ecological Forecasting; Statistics; Coding,Course Material
http://people.bu.edu/dietze/manuscripts/EcologicalForecasting2018OxfordBibliographies.pdf,Oxford Bibliographies: Ecological Forecasting,Repository,Data assimilation,Michael Dietze,Graduate,Introductory; Advanced,Ecological Forecasting,Repository
http://people.bu.edu/dietze/manuscripts/EcologicalForecasting2018OxfordBibliographies.pdf,Oxford Bibliographies: Ecological Forecasting,Repository,Iteration,Michael Dietze,Graduate,Introductory; Advanced,Ecological Forecasting,Repository
https://www.youtube.com/watch?v=01d-VHvw2Uc&list=PLLWiknuNGd50Lc3rft4kFPc_oxAhiQ-6s&index=8,Machine Learning,Video,Machine learning,NEON,Graduate; Professional,Introductory,Ecological Forecasting,Video
https://ecoforecast.org/nefi2019/,NEFI 2019 Summer Course,Course Material,Machine learning,EFI,Graduate,Introductory,Ecological Forecasting; Statistics; Coding,Course Material
https://ecoforecast.org/nefi2020/,NEFI 2020 Summer Course,Course Material,Machine learning,EFI,Graduate,Introductory,Ecological Forecasting; Statistics; Coding,Course Material
https://www.youtube.com/playlist?list=PL8dPuuaLjXtO65LeD2p4_Sb5XQ51par_b,Crash Course Artificial Intelligence,Video,Machine learning,Crash Course,Undergraduate,Introductory,Statistics; Data Science,Video
https://ecoforecast.org/ee-585/,Ecological Forecasting and Informatics,Course Material,Workflows & Open Science,Michael Dietze,Graduate,Advanced,"Ecological Forecasting, Coding",Course Material
https://ecoforecast.org/nefi2019/,NEFI 2019 Summer Course,Course Material,Workflows & Open Science,EFI,Graduate,Introductory,Ecological Forecasting; Statistics; Coding,Course Material
https://ecoforecast.org/nefi2020/,NEFI 2020 Summer Course,Course Material,Workflows & Open Science,EFI,Graduate,Introductory,Ecological Forecasting; Statistics; Coding,Course Material
https://datacarpentry.org/lessons/#ecology-workshop,Data Carpentry Ecology Curriculum,Module; Workshop,Workflows & Open Science,Data Carpentry,Undergraduate; Graduate,Introductory; Advanced,Ecology; Data Science,Module; Workshop
https://serc.carleton.edu/eddie/macrosystems/module1,Climate Change Effects on Lake Temperatures,Module,Workflows & Open Science,"Cayelan Carey, Kait Farrell, Alexandria Hounshell",Undergraduate,Introductory; Advanced,Ecology; Data Science,Module
https://cyverse.org/fossonline?mc_cid=5978073212&mc_eid=979c82e3db,Foundational Open Science Skills Online,Workshop,Workflows & Open Science,CyVerse,Graduate; Post-Grad,Advanced,Data Science,Workshop
https://course.naturecast.org/,Ecological Dynamics & Forecasting Course,Course Material,Model assessment,Ethan White & Morgan Ernest,Graduate,Advanced,Ecological Forecasting,Course Material
https://ecoforecast.org/ee-585/,Ecological Forecasting and Informatics,Course Material,Model assessment,Michael Dietze,Graduate,Advanced,"Ecological Forecasting, Coding",Course Material
http://people.bu.edu/dietze/Bayes2020/EE509.htm,Applied Environmental Statistics,Course Material,Model assessment,Michael Dietze,Graduate; Undergraduate,Advanced,Ecology; Statistics,Course Material
https://ecoforecast.org/nefi2019/,NEFI 2019 Summer Course,Course Material,Model assessment,EFI,Graduate,Introductory,Ecological Forecasting; Statistics; Coding,Course Material
https://ecoforecast.org/nefi2020/,NEFI 2020 Summer Course,Course Material,Model assessment,EFI,Graduate,Introductory,Ecological Forecasting; Statistics; Coding,Course Material
http://people.bu.edu/dietze/manuscripts/EcologicalForecasting2018OxfordBibliographies.pdf,Oxford Bibliographies: Ecological Forecasting,Repository,Model assessment,Michael Dietze,Graduate,Introductory; Advanced,Ecological Forecasting,Repository
https://serc.carleton.edu/eddie/earthecosystems/eddieevents/workshops/barriers_solutions/activities_collection/219289.html,Baseflow Recession,Module,Model assessment,Les Hasbargen,Undergraduate,Introductory,Statistics; Ecology,Module
https://youtu.be/ODmOr76QnWc,Evaluating Forecasts - Hindcasting & Visual Evaluation (weecology video series),Video,Model assessment,Ethan White & Morgan Ernest,Undergraduate,Introductory,Ecological Forecasting; Coding,Video
https://youtu.be/h0Igk8uOXKc,Evaluating Forecasts - Quantitative Evaluation of Point Estimates (weecology video series),Video,Model assessment,Ethan White & Morgan Ernest,Undergraduate,Introductory,Ecological Forecasting; Coding,Video
https://youtu.be/hGlnIVYFUgg,Evaluating Forecasts - Evaluating Uncertainty Using Coverage (weecology video series),Video,Model assessment,Ethan White & Morgan Ernest,Undergraduate,Introductory,Ecological Forecsating; Coding,Video
https://youtu.be/DHOfUYLnshA,Evaluating Forecasts - Evaluating How Forecast Accuracy Changes With Forecast Horizon (weecology video series),Video,Model assessment,Ethan White & Morgan Ernest,Undergraduate,Introductory,Ecological Forecsating; Coding,Video
https://course.naturecast.org/,Ecological Dynamics & Forecasting Course,Course Material,Decision science,Ethan White & Morgan Ernest,Graduate,Advanced,Ecological Forecasting,Course Material
https://ecoforecast.org/ee-585/,Ecological Forecasting and Informatics,Course Material,Decision science,Michael Dietze,Graduate,Advanced,"Ecological Forecasting, Coding",Course Material
https://www.youtube.com/watch?v=4twje1vFvi8&list=PLLWiknuNGd50Lc3rft4kFPc_oxAhiQ-6s&index=4,Expert Elicitation,Video,Decision science,NEON,Graduate; Professional,Introductory,Social Sciences,Video
https://www.youtube.com/watch?v=ZLtzfAr90UE&list=PLLWiknuNGd50Lc3rft4kFPc_oxAhiQ-6s&index=19,PROACT: Intro to Environmental Decision Making,Video,Decision science,NEON,Graduate; Professional,Introductory,Social Sciences,Video
https://www.youtube.com/watch?v=b8ip1Yk033U&list=PLLWiknuNGd50Lc3rft4kFPc_oxAhiQ-6s&index=20,PROACT: Problems & Objectives,Video,Decision science,NEON,Graduate; Professional,Introductory,Social Sciences,Video
https://www.youtube.com/watch?v=Uzcq1ldqYGc&list=PLLWiknuNGd50Lc3rft4kFPc_oxAhiQ-6s&index=21,PROACT: Performance Measures,Video,Decision science,NEON,Graduate; Professional,Introductory,Social Sciences,Video
https://www.youtube.com/watch?v=o7VLK2hfOvk&list=PLLWiknuNGd50Lc3rft4kFPc_oxAhiQ-6s&index=22,PROACT: Decision Alternatives,Video,Decision science,NEON,Graduate; Professional,Introductory,Social Sciences,Video
https://www.youtube.com/watch?v=xXVD1UdMqRs&list=PLLWiknuNGd50Lc3rft4kFPc_oxAhiQ-6s&index=23,PROACT: Consequences,Video,Decision science,NEON,Graduate; Professional,Introductory,Social Sciences,Video
https://www.youtube.com/watch?v=dKeDo66cEj8&list=PLLWiknuNGd50Lc3rft4kFPc_oxAhiQ-6s&index=24,PROACT: Trade-offs,Video,Decision science,NEON,Graduate; Professional,Introductory,Social Sciences,Video
https://ecoforecast.org/nefi2019/,NEFI 2019 Summer Course,Course Material,Decision science,EFI,Graduate,Introductory,Ecological Forecasting,Course Material
https://ecoforecast.org/nefi2020/,NEFI 2020 Summer Course,Course Material,Decision science,EFI,Graduate,Introductory,Ecological Forecasting; Statistics; Coding,Course Material
https://nctc.fws.gov/courses/ALC/ALC3183/resources/,An Overview of Structured Decision Making - ALC3183 - Resources,Course Material; Video,Decision science,,Undergraduate; Graduate; Professional,Introductory,Social Sciences,Course Material; Video
http://people.bu.edu/dietze/manuscripts/EcologicalForecasting2018OxfordBibliographies.pdf,Oxford Bibliographies: Ecological Forecasting,Repository,Decision science,Michael Dietze,Graduate,Introductory; Advanced,Ecological Forecasting,Repository
https://www.climate.gov/news-features/blogs/enso/betting-climate-predictions,Betting on Climate Predictions,Article,Interpreting Forecasts,Michelle L'Heureux,Professional,Introductory,Interpreting Forecasts,Article
https://otexts.com/fpp2/,Forecasting: Principles and Practice,Textbook,Forecasting Textbooks,Rob J. Hyndman & George Athanasopoulos,Undergraduate; Graduate,Introductory; Advanced,Ecological Forecasting,Textbook
https://press.princeton.edu/books/hardcover/9780691160573/ecological-forecasting,Ecological Forecasting,Textbook,Forecasting Textbooks,Michael Dietze,Graduate,Introductory,Ecological Forecasting,Textbook
http://www.nimbios.org/resources/,NIMBioS Resource Library,Repository,Resource Repositories,NIMBioS,Undergraduate,Introductory,Ecology; Statistics; Coding,Repository
https://appliedsciences.nasa.gov/join-mission/training,Learn to Use Earth Observatories,Repository,Resource Repositories,NASA,Graduate,Introductory; Advanced,Ecological Forecasting,Repository
https://serc.si.edu/coastalcarbon/outreach-and-training,Coastal Carbon Training and Resources,Repository,Resource Repositories,SERC,Graduate; Undergraduate,Advanced,Ecology; Coding; Data Science,Repository
https://serc.carleton.edu/teachearth/teach_geo_online/search_online_activities.html,"Online Teaching Activities, Courses, and Materials",Repository,Resource Repositories,Science Education Resource Center,Undergraduate,Introductory,Statistics; Ecology; Social Sciences,
https://qubeshub.org/publications/browse,QUBES,Repository,Resource Repositories,,Undergraduate,Introductory; Advanced,Statistics; Ecology; Coding; Data Science; Social Sciences,Repository
https://spacetimewithr.org/index,Spatiotemporal Statistics with R,Textbook,Forecasting Textbooks,"Christopher K. Wikle, Andrew Zammit-Mangion, and Noel Cressie",Graduate,"Introductory, Advanced","Statistics, Coding (R, Python, etc)",Textbook
https://www.complexityexplorer.org/explore/virtual-laboratory/83-bunnies-an-introduction-to-logistic-growth-in-discrete-time,Bunnies: An Introduction to Logistic Growth in Discrete Time,NetLogo lab,Basics of Statistics,Complexity Explorer Team,Undergraduate; Graduate,Introductory,"Ecology, Modeling",NetLogo lab
https://www.complexityexplorer.org/explore/virtual-laboratory/83-bunnies-an-introduction-to-logistic-growth-in-discrete-time,Bunnies: An Introduction to Logistic Growth in Discrete Time,NetLogo lab,Statistical models,Complexity Explorer Team,Undergraduate; Graduate,Introductory,"Ecology, Modeling",NetLogo lab
https://www.complexityexplorer.org/explore/virtual-laboratory/86-cobweb-diagrams,Cobweb Diagrams,NetLogo lab,Basics of Statistics,Complexity Explorer Team,Undergraduate; Graduate,Introductory,"Ecology, Modeling",NetLogo lab
https://www.complexityexplorer.org/explore/virtual-laboratory/85-cobweb-player,Cobweb Player,NetLogo lab,Basics of Statistics,Complexity Explorer Team,Undergraduate; Graduate,Introductory,Modeling,NetLogo lab
https://www.complexityexplorer.org/explore/virtual-laboratory/80-emergent-logistic-growth-plus-writeup-for-entire-series,Emergent Logistic Growth plus Writeup for Entire Series,NetLogo lab,Basics of Statistics,Complexity Explorer Team,Undergraduate; Graduate,Introductory,Modeling,NetLogo lab
https://www.complexityexplorer.org/explore/virtual-laboratory/80-emergent-logistic-growth-plus-writeup-for-entire-series,Emergent Logistic Growth plus Writeup for Entire Series,NetLogo lab,Statistical models,Complexity Explorer Team,Undergraduate; Graduate,Introductory,Modeling,NetLogo lab
https://www.complexityexplorer.org/explore/virtual-laboratory/81-equation-based-logistic-growth,Equation based Logistic Growth,NetLogo lab,Basics of Statistics,Complexity Explorer Team,Undergraduate; Graduate,Introductory,Modeling,NetLogo lab
https://www.complexityexplorer.org/explore/virtual-laboratory/81-equation-based-logistic-growth,Equation based Logistic Growth,NetLogo lab,Statistical models,Complexity Explorer Team,Undergraduate; Graduate,Introductory,Modeling,NetLogo lab
https://www.complexityexplorer.org/explore/virtual-laboratory/84-iteration-explorer,Iteration Explorer,NetLogo lab,Iteration,Complexity Explorer Team,Undergraduate; Graduate,Introductory,"Modeling, iteration",NetLogo lab
https://www.complexityexplorer.org/explore/virtual-laboratory/127-lorenz-attractor,Lorenz Attractor,NetLogo lab,Basics of Statistics,Complexity Explorer Team,Undergraduate; Graduate,Introductory,"Statistics, Modeling",NetLogo lab
https://www.complexityexplorer.org/explore/virtual-laboratory/89-mandelbrot-explained,Mandelbrot Explained,NetLogo lab,Basics of Statistics,Complexity Explorer Team,Undergraduate; Graduate,Introductory,"Statistics, Modeling",NetLogo lab
https://www.complexityexplorer.org/explore/virtual-laboratory/88-sensitivity-to-initial-conditions,Sensitivity to Initial Conditions,NetLogo lab,Uncertainty,Complexity Explorer Team,Undergraduate; Graduate,Introductory,Modeling,NetLogo lab
https://www.complexityexplorer.org/explore/virtual-laboratory/120-simple-logistic-map,Simple Logistic Map,NetLogo lab,Statistical models,Complexity Explorer Team,Undergraduate; Graduate,Introductory,Modeling,NetLogo lab
https://www.complexityexplorer.org/explore/virtual-laboratory/87-universality-in-the-logistic-map-feigenbaum-s-constants,Universality in the Logistic Map: Feigenbaum's constants,NetLogo lab,Basics of Statistics,Complexity Explorer Team,Undergraduate; Graduate,Introductory,Modeling,NetLogo lab
https://www.complexityexplorer.org/explore/virtual-laboratory/144-affine-transformations,Affine Transformations,NetLogo lab,Basics of Statistics,Complexity Explorer Team,Undergraduate; Graduate,Introductory,Statistics,NetLogo lab
https://www.complexityexplorer.org/courses/30-functions-and-iterations,Functions and Iterations,Course materials (asyncrhonous or past course),Basics of Statistics,David Feldman,Undergraduate,Introductory,"Statistics, Modeling",Course materials (asyncrhonous or past course)
https://www.complexityexplorer.org/courses/31-introduction-to-differential-equations,Introduction to Differential Equations,Course materials (asyncrhonous or past course),Basics of Statistics,David Feldman,Undergraduate,Introductory,"Statistics, Modeling",Course materials (asyncrhonous or past course)
https://www.complexityexplorer.org/courses/32-ordinary-differential-equations,Ordinary Differential Equations,Course materials (asyncrhonous or past course),Basics of Statistics,Elizabeth Bradley,Undergraduate,Advanced,"Statistics, Modeling",Course materials (asyncrhonous or past course)
https://www.complexityexplorer.org/courses/33-maximum-entropy-methods,Maximum Entropy Methods,Course materials (asyncrhonous or past course),Basics of Statistics,Simon DeDeo,Undergraduate; Graduate,Advanced,"Statistics, Modeling",Course materials (asyncrhonous or past course)
https://www.complexityexplorer.org/courses/46-random-walks,Random Walks,Course materials (asyncrhonous or past course),Statistical models,Sid Redner,Undergraduate,Introductory,"Statistics, Modeling",Course materials (asyncrhonous or past course)
https://www.complexityexplorer.org/courses/55-introduction-to-information-theory,Introduction to Information Theory,Course materials (asyncrhonous or past course),Basics of Statistics,Seth Lloyd,Undergraduate,Introductory,"Statistics, Modeling",Course materials (asyncrhonous or past course)
https://www.complexityexplorer.org/courses/56-vector-and-matrix-algebra,Vector and Matrix Algebra,Course materials (asyncrhonous or past course),Basics of Statistics,Anthony D. Rhodes,Undergraduate,Introductory,"Statistics, Modeling",Course materials (asyncrhonous or past course)
https://www.complexityexplorer.org/courses/78-game-theory-ii-dynamic-games,Game Theory II- Dynamic Games,Course materials (asyncrhonous or past course),Basics of Statistics,Justin Grana,Undergraduate,Introductory,Statistics,Course materials (asyncrhonous or past course)
https://www.complexityexplorer.org/courses/67-introduction-to-renormalization,Introduction to Renormalization,Course materials (asyncrhonous or past course),Basics of Statistics,Simon DeDeo,Undergraduate,Advanced,"Statistics, Modeling",Course materials (asyncrhonous or past course)
https://www.complexityexplorer.org/courses/69-game-theory-i-static-games,Game Theory I - Static Games,Course materials (asyncrhonous or past course),Basics of Statistics,Justin Grana,Undergraduate,Introductory,Statistics,Course materials (asyncrhonous or past course)
https://www.complexityexplorer.org/courses/81-fundamentals-of-machine-learning,Fundamentals of Machine Learning,Course materials (asyncrhonous or past course),Machine learning,Brendan Tracey & Artemy Kolchinsky,Undergraduate,Introductory,Statistics,Course materials (asyncrhonous or past course)
https://www.complexityexplorer.org/courses/58-introduction-to-computation-theory,Introduction to Computation Theory,Course materials (asyncrhonous or past course),Basics of Statistics,Josh Grochow,Undergraduate,Introductory,Statistics,Course materials (asyncrhonous or past course)
https://www.complexityexplorer.org/courses/102-fractals-and-scaling,Fractals and Scaling,Course materials (asyncrhonous or past course),Basics of Statistics,David Feldman,Undergraduate,Introductory,Statistics,Course materials (asyncrhonous or past course)
https://www.complexityexplorer.org/courses/104-introduction-to-complexity,Introduction to Complexity,Course materials (asyncrhonous or past course),Basics of Statistics,Santiago Guisasola & Melanie Mitchell,Undergraduate,Introductory,Statistics,Course materials (asyncrhonous or past course)
https://www.complexityexplorer.org/courses/105-introduction-to-dynamical-systems-and-chaos,Introduction to Dynamical Systems and Chaos,Course materials (asyncrhonous or past course),Basics of Statistics,Patricia Mellodge & David Feldman,Undergraduate,Introductory,"Statistics, Modeling",Course materials (asyncrhonous or past course)
https://www.complexityexplorer.org/courses/105-introduction-to-dynamical-systems-and-chaos,Introduction to Dynamical Systems and Chaos,Course materials (asyncrhonous or past course),Statistical models,Patricia Mellodge & David Feldman,Undergraduate,Introductory,"Statistics, Modeling",Course materials (asyncrhonous or past course)
https://www.complexityexplorer.org/courses/107-lecture-pandemics,Lecture: Pandemics,Course materials (asyncrhonous or past course),Basics of forecasting,Lauren Ancel Meyers,Undergraduate,Introductory,Ecological forecasting,Course materials (asyncrhonous or past course)
https://www.complexityexplorer.org/courses/107-lecture-pandemics,Lecture: Pandemics,Course materials (asyncrhonous or past course),Statistical models,Lauren Ancel Meyers,Undergraduate,Introductory,Ecological forecasting,Course materials (asyncrhonous or past course)
https://www.complexityexplorer.org/courses/107-lecture-pandemics,Lecture: Pandemics,Course materials (asyncrhonous or past course),Interpreting Forecasts,Lauren Ancel Meyers,Undergraduate,Introductory,Ecological forecasting,Course materials (asyncrhonous or past course)
https://www.complexityexplorer.org/courses/108-lecture-artificial-intelligence,Lecture: Artificial Intelligence,Course materials (asyncrhonous or past course),Machine learning,Melanie Mitchell,Undergraduate,Introductory,Statistics,Course materials (asyncrhonous or past course)
https://www.complexityexplorer.org/courses/115-nonlinear-dynamics-mathematical-and-computational-approaches,Nonlinear Dynamics: Mathematical and Computational Approaches,Course materials (asyncrhonous or past course),Basics of Statistics,Elizabeth Bradley,Undergraduate; Graduate,Introductory,"Statistics, Modeling",Course materials (asyncrhonous or past course)
https://www.complexityexplorer.org/courses/115-nonlinear-dynamics-mathematical-and-computational-approaches,Nonlinear Dynamics: Mathematical and Computational Approaches,Course materials (asyncrhonous or past course),Statistical models,Elizabeth Bradley,Undergraduate; Graduate,Introductory,"Statistics, Modeling",Course materials (asyncrhonous or past course)
https://www.complexityexplorer.org/courses/100-nonlinear-dynamics-mathematical-and-computational-approaches-spring-2020,Nonlinear Dynamics: Mathematical and Computational Approaches (Spring 2020),Course materials (asyncrhonous or past course),Basics of Statistics,Elizabeth Bradley,Undergraduate; Graduate,Introductory,Statistics,Course materials (asyncrhonous or past course)
https://www.complexityexplorer.org/courses/100-nonlinear-dynamics-mathematical-and-computational-approaches-spring-2020,Nonlinear Dynamics: Mathematical and Computational Approaches (Spring 2020),Course materials (asyncrhonous or past course),Statistical models,Elizabeth Bradley,Undergraduate; Graduate,Introductory,Statistics,Course materials (asyncrhonous or past course)
https://www.complexityexplorer.org/courses/101-introduction-to-agent-based-modeling-spring-2020,Introduction to Agent-Based Modeling (Spring 2020),Course materials (asyncrhonous or past course),Basics of Statistics,Anamaria Berea & Bill Rand,Undergraduate,Introductory,"Statistics, Modeling",Course materials (asyncrhonous or past course)
https://www.complexityexplorer.org/courses/101-introduction-to-agent-based-modeling-spring-2020,Introduction to Agent-Based Modeling (Spring 2020),Course materials (asyncrhonous or past course),Statistical models,Anamaria Berea & Bill Rand,Undergraduate,Introductory,"Statistics, Modeling",Course materials (asyncrhonous or past course)
https://www.complexityexplorer.org/courses/99-computation-in-complex-systems-summer-2020,Computation in Complex Systems (Summer 2020),Course materials (asyncrhonous or past course),Basics of Statistics,Christopher Moore,Undergraduate,Introductory,"Statistics, Computer science",Course materials (asyncrhonous or past course)
https://www.callingbullshit.org/syllabus.html,Calling Bullshit,Course materials (asyncrhonous or past course),Interpreting Forecasts,Carl T. Bergstrom & Jevin West,Undergraduate; Graduate,Introductory,Data science,Course materials (asyncrhonous or past course)
https://hankstevens.github.io/Primer-of-Ecology/,Primer of Ecology Using R,"Module (hands-on), Textbook",Forecasting Textbooks,Hank Stevens,Undergraduate; Graduate,Introductory,"Statistics, Ecology, Coding, Modeling","Module (hands-on), Textbook"
https://rpsychologist.com/d3/nhst/,Understanding Statistical Power and Significance Testing: An interactive visualization,Module (hands-on),Basics of Statistics,Kristoffer Magnusson,Undergraduate,Introductory,Statistics,Module (hands-on)
https://www.youtube.com/watch?v=qnw1xDnt_Ec&feature=youtu.be,Make Beautiful Graphs in R: 5 Quick Ways to Improve ggplot2 Graphs,Video series,Basics of R,dataslice,Undergraduate,Introductory,"Coding, Data visualization",
https://www.youtube.com/watch?v=qnw1xDnt_Ec&feature=youtu.be,Make Beautiful Graphs in R: 5 Quick Ways to Improve ggplot2 Graphs,Video series,Data visualization tools,dataslice,Undergraduate,Introductory,"Coding, Data visualization",
https://ohandoko.medium.com/so-how-much-glacier-are-we-losing-8d1471252750,Student Research Summary: So How Much Glacier Are We Losing?,Article,Basics of forecasting,Olivia Handoko,Undergraduate,Introductory,"Ecological forecasting, Statistics",
https://ohandoko.medium.com/so-how-much-glacier-are-we-losing-8d1471252750,Student Research Summary: So How Much Glacier Are We Losing?,Article,Basics of Statistics,Olivia Handoko,Undergraduate,Introductory,"Ecological forecasting, Statistics",
https://pchau-38154.medium.com/forecasting-the-change-of-sea-ice-extent-globally-d0b1f21ce24a,Student Research Report: Forecasting the change of sea ice extent globally,Article,Basics of forecasting,Phuong Chau,Undergraduate,Introductory,"Ecological forecasting, Statistics",
https://pchau-38154.medium.com/forecasting-the-change-of-sea-ice-extent-globally-d0b1f21ce24a,Student Research Report: Forecasting the change of sea ice extent globally,Article,Basics of statistics,Phuong Chau,Undergraduate,Introductory,"Ecological forecasting, Statistics",
https://medium.com/@sli58/team-project-in-glacier-data-analysis-5aad665ba0b0,Student Research Report: Team Project in Glacier Data Analysis,Article,Basics of forecasting,Serena Li,Undergraduate,Introductory,"Ecological forecasting, Statistics",
https://medium.com/@sli58/team-project-in-glacier-data-analysis-5aad665ba0b0,Student Research Report: Team Project in Glacier Data Analysis,Article,Basics of statistics,Serena Li,Undergraduate,Introductory,"Ecological forecasting, Statistics",
https://github.com/CCheCastaldo/BayesianShortCourse,Bayesian Modeling for Socio-Environmental Data Short Course,"Module (hands-on), Course materials (asyncrhonous or past course)",Basics of Statistics,"Tom Hobbs, Mary Collins, Christian Che-Castaldo",Graduate,Introductory,"Statistics, Statistical models, Uncertainty",
https://github.com/CCheCastaldo/BayesianShortCourse,Bayesian Modeling for Socio-Environmental Data Short Course,"Module (hands-on), Course materials (asyncrhonous or past course)",Statistical models,"Tom Hobbs, Mary Collins, Christian Che-Castaldo",Graduate,Introductory,"Statistics, Statistical models, Uncertainty",
https://github.com/CCheCastaldo/BayesianShortCourse,Bayesian Modeling for Socio-Environmental Data Short Course,"Module (hands-on), Course materials (asyncrhonous or past course)",Uncertainty,"Tom Hobbs, Mary Collins, Christian Che-Castaldo",Graduate,Introductory,"Statistics, Statistical models, Uncertainty",
https://www.tutorialspoint.com/r/r_histograms.htm,Learn R Programming,"Repository, Tutorials",Basics of R,tutorialspoint,Undergraduate,Introductory,Coding,
https://www.datamentor.io/,Learn R Programming,"Repository, Tutorials",Basics of R,DataMentor,Undergraduate,Introductory,Coding,
https://www.youtube.com/channel/UC8butISFwT-Wl7EV0hUK0BQ,freeCodeCamp.org,Video series,Basics of R,freeCodeCamp,Undergraduate,Introductory,"Coding, Data",
https://www.youtube.com/channel/UC8butISFwT-Wl7EV0hUK0BQ,freeCodeCamp.org,Video series,"Data (manipulation, processing)",freeCodeCamp,Undergraduate,Introductory,"Coding, Data",
https://projectbiodiversify.org/,Project Biodiversify Repository,"Repository, presentation slides",Basics of Ecology,Project Biodiversify,Undergraduate,Introductory,Ecology,
https://www.youtube.com/channel/UCeNKiSXajbtg3IkyCZIWr_g,Biogeoinformatics YouTube channel,Video series,Statistical Models,Babak Naimi,Graduate,Introductory,"Statistics, ecology, coding",
https://www.youtube.com/channel/UCeNKiSXajbtg3IkyCZIWr_g,Biogeoinformatics YouTube channel,Video series,Working with Data,Babak Naimi,Graduate,Introductory,"Statistics, ecology, coding",
https://www.youtube.com/user/rosaytown/featured,Biodiversity Informatics Training Curriculum,Video series,Data Sources,A. Townsend Peterson,Undergraduate; Graduate,Introductory,"Statistics, Ecology, Coding",
https://lsw5077.github.io/shiny_workshop/,SESYNC Decision Support Tool Short Course,"Module (hands-on), Course materials (asyncrhonous or past course)",Basics of R,Dennis Valle,Undergraduate; Graduate,Introductory,"Data science, Data visualization",
https://lsw5077.github.io/shiny_workshop/,SESYNC Decision Support Tool Short Course,"Module (hands-on), Course materials (asyncrhonous or past course)",Decision science,Dennis Valle,Undergraduate; Graduate,Introductory,"Data science, Data visualization",
https://lsw5077.github.io/shiny_workshop/,SESYNC Decision Support Tool Short Course,"Module (hands-on), Course materials (asyncrhonous or past course)",Interpreting Forecasts,Dennis Valle,Undergraduate; Graduate,Introductory,"Data science, Data visualization",
https://lsw5077.github.io/shiny_workshop/,SESYNC Decision Support Tool Short Course,"Module (hands-on), Course materials (asyncrhonous or past course)",Data visualization tools,Dennis Valle,Undergraduate; Graduate,Introductory,"Data science, Data visualization",
https://ms.mcmaster.ca/~bolker/emdbook/index.html,Ecological Models and Data in R,"Module (hands-on), Textbook",Statistical Models,Ben Bolker,Undergraduate; Graduate,Advanced,"Statistics, Ecological Modeling",
https://ms.mcmaster.ca/~bolker/emdbook/index.html,Ecological Models and Data in R,"Module (hands-on), Textbook",Working with Data,Ben Bolker,Undergraduate; Graduate,Advanced,"Statistics, Ecological Modeling",
https://www.tmwr.org/,Tidy Modeling with R,Textbook,Working with Data,"Max Kuhn, Julia Silge",Undergraduate; Graduate,Introductory,"Coding, Data science",
https://www.tmwr.org/,Tidy Modeling with R,Textbook,Statistical Models,"Max Kuhn, Julia Silge",Undergraduate; Graduate,Introductory,"Coding, Data science",
https://www.tmwr.org/,Tidy Modeling with R,Textbook,Basics of R,"Max Kuhn, Julia Silge",Undergraduate; Graduate,Introductory,"Coding, Data science",
https://www.freecodecamp.org/,freeCodeCamp.org,"Module (hands-on), Course materials (asyncrhonous or past course)",Basics of R,freeCodeCamp,Undergraduate,Introductory,Coding,
https://www.freecodecamp.org/,freeCodeCamp.org,"Module (hands-on), Course materials (asyncrhonous or past course)",Basics of Python,freeCodeCamp,Undergraduate,Introductory,Coding,
https://www.youtube.com/playlist?list=PLC6wRSurdGKzR0cC2ehPtQdRDyAQZOLtX,How Ecology Works Video Series,Video series,Basics of Ecology,UF DEER Lab,Undergraduate,Introductory; Advanced,Ecology,
https://www.youtube.com/watch?v=7eHcr6TBl24&t=896s,Skype a Scientist (featuring ecological forecasting),Video series,Basics of forecasting,Skype a Scientist,K-12,Introductory,Ecological forecasting,
https://katharynduffy.github.io/Environmental-Informatics-Using-Research-Infrastructures-and-their-Data/,Environmental Informatics Using Research Infrastructures and their Data,Textbook,Working with Data,"Katharyn Duffy, Ben Ruddell",Graduate,Introductory,Data science,
https://katharynduffy.github.io/Environmental-Informatics-Using-Research-Infrastructures-and-their-Data/,Environmental Informatics Using Research Infrastructures and their Data,Textbook,Data Sources,"Katharyn Duffy, Ben Ruddell",Graduate,Introductory,Data science,
https://katharynduffy.github.io/Environmental-Informatics-Using-Research-Infrastructures-and-their-Data/,Environmental Informatics Using Research Infrastructures and their Data,Textbook,"Data (manipulation, processing)","Katharyn Duffy, Ben Ruddell",Graduate,Introductory,Data science,
https://www.conservationbridge.org/,Conservation Bridge,Repository,Resource Repositories,Conservation Bridge,Undergraduate,Introductory,,
https://qubeshub.org/community/groups/data_incubator/tiee,Teaching Issues and Experiments in Ecology Special Issue,Repository,Resource Repositories,Data Incubator Group,Undergraduate,Introductory,,
http://nativecases.evergreen.edu/,Enduring Legacies: Native Case Studies,"Module (hands-on), Repository",Traditional Ecological Knowledge,Enduring Legacies Native Cases,Undergraduate,Introductory,,
http://nativecases.evergreen.edu/,Enduring Legacies: Native Case Studies,"Module (hands-on), Repository",Resource Repositories,Enduring Legacies Native Cases,Undergraduate,Introductory,,
https://qubeshub.org/publications/1939/about?v=1,Traditional Ecological Knowledge and Conservation,Module (hands-on),Traditional Ecological Knowledge,Mary Heskel,Undergraduate,Introductory,,
https://www.ceh.ac.uk/case-studies,UKCEH Case Studies,"Module (hands-on), Repository",Resource Repositories,UK Centre for Ecology & Hydrology,Undergraduate,Introductory,,
http://www.dnadarwin.org/casestudies/,DNA to Darwin,"Module (hands-on), Repository",Resource Repositories,National Centre for Biotechnology Education,Undergraduate,Introductory,,
https://www.aacu.org/scientific-thinking-and-integrative-reasoning-skills-stirs-case-studies,Scientific Thinking and Integrative Reasoning Skills - Case Studies,"Module (hands-on), Repository",Resource Repositories,Association of American Colleges & Universities,Undergraduate,Introductory,,
https://www.biointeractive.org/,HHMI BioInteractive,"Module (hands-on), Repository",Resource Repositories,Howard Hughes Medical Institute BioInteractive,Undergraduate,Introductory,,
https://www.nature.com/scitable/knowledge/ecology-102/,Knowledge Project,Repository,Resource Repositories,Nature Education,Undergraduate,Introductory,,
https://www.nationalgeographic.org/education/resource-library/?q=&page=1&per_page=25,National Geographic Education Resource Library,Repository,Resource Repositories,National Geographic Education,Undergraduate,Introductory,,
https://ncep.amnh.org/,Network of Conservation Educators & Practitioners Modules,"Module (hands-on), Repository",Resource Repositories,American Museum of Natural History Center for Biodiversity and Conservation,Undergraduate,Introductory,,
https://serc.carleton.edu/eddie/teaching_materials/modules/module8.html,Using Ecological Forecasts to Guide Decision Making,Module (hands-on),Basics of Forecasting,"Whitney Woelmer, Tadhg Moore, R. Quinn Thomas, Cayelan Carey",Undergraduate level,Introductory,,
https://serc.carleton.edu/eddie/teaching_materials/modules/module8.html,Using Ecological Forecasts to Guide Decision Making,Module (hands-on),Decision science,"Whitney Woelmer, Tadhg Moore, R. Quinn Thomas, Cayelan Carey",Undergraduate level,Introductory,,
https://serc.carleton.edu/eddie/teaching_materials/modules/module8.html,Using Ecological Forecasts to Guide Decision Making,Module (hands-on),Uncertainty,"Whitney Woelmer, Tadhg Moore, R. Quinn Thomas, Cayelan Carey",Undergraduate level,Introductory,,
https://serc.carleton.edu/eddie/teaching_materials/modules/module5.html,Introduction to Ecological Forecasting,Module (hands-on),Basics of Forecasting,"Tadhg Moore, R. Quinn Thomas, Cayelan Carey",Undergraduate level,Introductory,,
https://www.earthdatascience.org/,EarthLab,"Module (hands-on), Repository",Data sources,Max Joseph & Leah Wasser,Undergraduate level,Introductory,,
https://www.earthdatascience.org/,EarthLab,"Module (hands-on), Repository",Working with Data,Max Joseph & Leah Wasser,Undergraduate level,Introductory,,
https://www.earthdatascience.org/,EarthLab,"Module (hands-on), Repository","Data (manipulation, processing)",Max Joseph & Leah Wasser,Undergraduate level,Introductory,,
https://www.earthdatascience.org/,EarthLab,"Module (hands-on), Repository",Resource Repositories,Max Joseph & Leah Wasser,Undergraduate level,Introductory,,
https://github.com/NEONScience/NEON-Data-Skills,NEON Data Skills GitHub Repo,"Module (hands-on), Repository",Data sources,NEON,"Graduate level, Undergraduate level","Introductory, Advanced",,
https://github.com/NEONScience/NEON-Data-Skills,NEON Data Skills GitHub Repo,"Module (hands-on), Repository",Working with Data,NEON,"Graduate level, Undergraduate level","Introductory, Advanced",,
https://github.com/NEONScience/NEON-Data-Skills,NEON Data Skills GitHub Repo,"Module (hands-on), Repository",Resource Repositories,NEON,"Graduate level, Undergraduate level","Introductory, Advanced",,
https://www.skclivinglandscapes.org/First%20Steps/,Understanding Climate Science Course,Module (hands-on),Basics of Ecology,Living Landscapes,Undergraduate level,Introductory,,
https://www.skclivinglandscapes.org/First%20Steps/,Understanding Climate Science Course,Module (hands-on),Basics of forecasting,Living Landscapes,Undergraduate level,Introductory,,
https://www.skclivinglandscapes.org/remote_sensing/,Remote Sensing & Climate Science,Module (hands-on),Working with Data,Living Landscapes,Undergraduate level,Introductory,,
https://www.youtube.com/watch?v=9m5qvwlHo_Y,Data Science Basics,"Video series, Course materials (asyncrhonous or past course)","Data (manipulation, processing)",Rebecca Bilbro,Undergraduate level,Introductory,,
https://www.youtube.com/watch?v=2aMi7AMibD4,Intro to Git and GitHub,"Video series, Course materials (asyncrhonous or past course)",Workflows & Open Science,"Rebecca Bilbro, Pri Oberoi, Sasan Bahadaran",Undergraduate level,Introductory,,
https://www.youtube.com/watch?v=RDOjwUcd9-M,Intro to Python,"Video series, Course materials (asyncrhonous or past course)",Basics of Python,Star Ying,Undergraduate level,Introductory,,
https://www.youtube.com/watch?v=6kjzNiLSx-8,Intro to R,"Video series, Course materials (asyncrhonous or past course)",Basics of R,Star Ying,Undergraduate level,Introductory,,
https://www.youtube.com/watch?v=Grvu7URe868,Intro to Data Analysis with R,"Video series, Course materials (asyncrhonous or past course)",Basics of Statistics,Pri Oberoi,Undergraduate level,Introductory,,
https://www.youtube.com/watch?v=Grvu7URe868,Intro to Data Analysis with R,"Video series, Course materials (asyncrhonous or past course)",Basics of R,Pri Oberoi,Undergraduate level,Introductory,,
https://www.youtube.com/watch?v=CfLokYuIiBg,Data Storytelling with R,"Video series, Course materials (asyncrhonous or past course)",Basics of R,"Star Ying, Jeff Chen",Undergraduate level,Introductory,,
https://www.youtube.com/watch?v=CfLokYuIiBg,Data Storytelling with R,"Video series, Course materials (asyncrhonous or past course)",Data visualization tools,"Star Ying, Jeff Chen",Undergraduate level,Introductory,,
https://www.youtube.com/watch?v=O1rbEB1rq48,Data Wrangling with Pandas,"Video series, Course materials (asyncrhonous or past course)",Basics of Python,Rebecca Bilbro,Undergraduate level,Introductory,,
https://www.youtube.com/watch?v=O1rbEB1rq48,Data Wrangling with Pandas,"Video series, Course materials (asyncrhonous or past course)","Data (manipulation, processing)",Rebecca Bilbro,Undergraduate level,Introductory,,
https://www.youtube.com/watch?v=huMMgyn_PR8,Intro to Machine Learning,"Video series, Course materials (asyncrhonous or past course)",machine learning,"Rebecca Bilbro, Star Ying",Undergraduate level,Introductory,,
https://www.youtube.com/watch?v=Emc6THmXmR0,Intro to Data Analysis,"Video series, Course materials (asyncrhonous or past course)",Basics of statistics,Jeff Chen,Undergraduate level,Introductory,,
https://www.youtube.com/watch?v=Emc6THmXmR0,Intro to Data Analysis,"Video series, Course materials (asyncrhonous or past course)","Data (manipulation, processing)",Jeff Chen,Undergraduate level,Introductory,,
https://www.youtube.com/watch?v=Emc6THmXmR0,Intro to Data Analysis,"Video series, Course materials (asyncrhonous or past course)",Data visualization tools,Jeff Chen,Undergraduate level,Introductory,,
https://www.youtube.com/watch?v=vN_Q-5JPiNI,Deep Learning,"Video series, Course materials (asyncrhonous or past course)",Basics of statistics,Pri Oberoi,Undergraduate level,Introductory,,
https://www.commerce.gov/sites/default/files/media/files/2018/data_academy-_git_and_github.pdf,Intro to Github and Git,Course materials (asyncrhonous or past course),Workflows & Open Science,Sasan Bahadaran,Undergraduate level,Introductory,,
https://leanpub.com/,leanpub,Repository,Resource Repositories,leanpub,"Graduate level, Undergraduate level","Introductory, Advanced",,
http://data8.org/,Data 8: The Foundations of Data Science,Course materials (asyncrhonous or past course),Basics of statistics,Data 8,Undergraduate level,Introductory,,
http://data8.org/,Data 8: The Foundations of Data Science,Course materials (asyncrhonous or past course),"Data (manipulation, processing)",Data 8,Undergraduate level,Introductory,,
https://berkeley-stat159-f17.github.io/stat159-f17/,Reproducible and Collaborative Statistical Data Science,Course materials (asyncrhonous or past course),Basics of statistics,Fernando Prez,Undergraduate level,Advanced,,
https://berkeley-stat159-f17.github.io/stat159-f17/,Reproducible and Collaborative Statistical Data Science,Course materials (asyncrhonous or past course),Basics of Python,Fernando Prez,Undergraduate level,Advanced,,
https://berkeley-stat159-f17.github.io/stat159-f17/,Reproducible and Collaborative Statistical Data Science,Course materials (asyncrhonous or past course),Data visualization tools,Fernando Prez,Undergraduate level,Advanced,,
https://berkeley-stat159-f17.github.io/stat159-f17/,Reproducible and Collaborative Statistical Data Science,Course materials (asyncrhonous or past course),"Data (manipulation, processing)",Fernando Prez,Undergraduate level,Advanced,,
https://berkeley-stat159-f17.github.io/stat159-f17/,Reproducible and Collaborative Statistical Data Science,Course materials (asyncrhonous or past course),Workflows & Open Science,Fernando Prez,Undergraduate level,Advanced,,
https://courses.edsa-project.eu/course/view.php?id=103,Advanced Data Mining with Weka,Course materials (asyncrhonous or past course),Basics of statistics,The University of Waikato,"Graduate level, Undergraduate level",Advanced,,
https://courses.edsa-project.eu/course/view.php?id=103,Advanced Data Mining with Weka,Course materials (asyncrhonous or past course),Basics of Python,The University of Waikato,"Graduate level, Undergraduate level",Advanced,,
https://courses.edsa-project.eu/course/view.php?id=103,Advanced Data Mining with Weka,Course materials (asyncrhonous or past course),Basics of R,The University of Waikato,"Graduate level, Undergraduate level",Advanced,,
https://courses.edsa-project.eu/course/view.php?id=77,Advanced Machine Learning,Course materials (asyncrhonous or past course),Machine learning,Persontyle,"Graduate level, Undergraduate level",Advanced,,
https://courses.edsa-project.eu/course/view.php?id=63,Basic Statistics,Course materials (asyncrhonous or past course),Basics of statistics,University of Amsterdam,Undergraduate level,Introductory,,
https://courses.edsa-project.eu/course/view.php?id=99,Big Data and the Environment,Course materials (asyncrhonous or past course),Basics of ecology,University of Reading,Undergraduate level,Introductory,,
https://courses.edsa-project.eu/course/view.php?id=99,Big Data and the Environment,Course materials (asyncrhonous or past course),Working with Data,University of Reading,Undergraduate level,Introductory,,
https://courses.edsa-project.eu/course/view.php?id=61,Data Science Math Skills,Course materials (asyncrhonous or past course),Basics of statistics,Duke University,Undergraduate level,Introductory,,
https://courses.edsa-project.eu/course/view.php?id=102,Data to Insight: An Introduction to Data Analysis,Course materials (asyncrhonous or past course),Data visualization tools,The University of Auckland,Undergraduate level,Introductory,,
https://courses.edsa-project.eu/course/view.php?id=102,Data to Insight: An Introduction to Data Analysis,Course materials (asyncrhonous or past course),Basics of statistics,The University of Auckland,Undergraduate level,Introductory,,
https://courses.edsa-project.eu/course/view.php?id=97,Getting and Cleaning Data,Course materials (asyncrhonous or past course),"Data (manipulation, processing)",Johns Hopkins University,"Graduate level, Undergraduate level",Introductory,,
https://courses.edsa-project.eu/course/view.php?id=100,High Performance Computing in the Cloud,Course materials (asyncrhonous or past course),Workflows & Open Science,Dublin City University,"Graduate level, Undergraduate level",Introductory,,
https://courses.edsa-project.eu/course/view.php?id=62,Introduction to Probability and Data,Course materials (asyncrhonous or past course),Basics of statistics,Duke University,Undergraduate level,Introductory,,
https://courses.edsa-project.eu/course/view.php?id=98,Introduction to R for Data Science,Course materials (asyncrhonous or past course),Basics of R,Purdue University,Undergraduate level,Introductory,,
https://courses.edsa-project.eu/course/view.php?id=64,Learn to Code for Data Analysis,Course materials (asyncrhonous or past course),Basics of Python,The Open University,Undergraduate level,Introductory,,
https://courses.edsa-project.eu/course/view.php?id=89,Neural Networks for Machine Learning,Course materials (asyncrhonous or past course),Machine learning,University of Toronto,"Graduate level, Undergraduate level","Introductory, Advanced",,
https://courses.edsa-project.eu/course/view.php?id=58,Digital Curation 101,Course materials (asyncrhonous or past course),"Data (manipulation, processing)",Digital Curation Centre,"Graduate level, Undergraduate level","Introductory, Advanced",,
https://courses.edsa-project.eu/course/view.php?id=58,Digital Curation 101,Course materials (asyncrhonous or past course),Workflows & Open Science,Digital Curation Centre,"Graduate level, Undergraduate level","Introductory, Advanced",,
https://courses.edsa-project.eu/course/view.php?id=65,Learn to Code for Data Analysis,Course materials (asyncrhonous or past course),Basics of Python,The Open University,"Graduate level, Undergraduate level","Introductory, Advanced",,
https://courses.edsa-project.eu/course/view.php?id=65,Learn to Code for Data Analysis,Course materials (asyncrhonous or past course),"Data (manipulation, processing)",The Open University,"Graduate level, Undergraduate level","Introductory, Advanced",,
https://courses.edsa-project.eu/course/view.php?id=65,Learn to Code for Data Analysis,Course materials (asyncrhonous or past course),Data visualization tools,The Open University,"Graduate level, Undergraduate level","Introductory, Advanced",,
https://courses.edsa-project.eu/course/view.php?id=88,Practical Deep Learning for Coders,Course materials (asyncrhonous or past course),Basics of statistics,University of San Fransisco,"Graduate level, Undergraduate level",Introductory,,
https://edsa-project.eu/video-lectures/,EDSA Video Lectures,Repository,Resource Repositories,,"Graduate level, Undergraduate level","Introductory, Advanced",,
https://www.intel.com/content/www/us/en/developer/learn/course-machine-learning.html,Introduction to Machine Learning,Course materials (asyncrhonous or past course),Basics of Python,Intel,"Graduate level, Undergraduate level",Introductory,,
https://www.intel.com/content/www/us/en/developer/learn/course-machine-learning.html,Introduction to Machine Learning,Course materials (asyncrhonous or past course),Machine learning,Intel,"Graduate level, Undergraduate level",Introductory,,
https://www.intel.com/content/www/us/en/developer/learn/course-deep-learning.html,Deep Learning,Course materials (asyncrhonous or past course),Basics of Python,Intel,"Graduate level, Undergraduate level",Introductory,,
https://www.intel.com/content/www/us/en/developer/learn/course-deep-learning.html,Deep Learning,Course materials (asyncrhonous or past course),Machine learning,Intel,"Graduate level, Undergraduate level",Introductory,,
https://www.intel.com/content/www/us/en/developer/learn/course-applied-deep-learning-tensorflow.html,Applied Deep Learning with TensorFlow*,Course materials (asyncrhonous or past course),Basics of Python,Intel,"Graduate level, Undergraduate level",Introductory,,
https://www.intel.com/content/www/us/en/developer/learn/course-applied-deep-learning-tensorflow.html,Applied Deep Learning with TensorFlow*,Course materials (asyncrhonous or past course),Machine learning,Intel,"Graduate level, Undergraduate level",Introductory,,
https://www.intel.com/content/www/us/en/developer/learn/course-time-series-analysis.html,Time-Series Analysis,Course materials (asyncrhonous or past course),Basics of statistics,Intel,"Graduate level, Undergraduate level",Introductory,,
https://www.intel.com/content/www/us/en/developer/learn/course-time-series-analysis.html,Time-Series Analysis,Course materials (asyncrhonous or past course),Basics of Python,Intel,"Graduate level, Undergraduate level",Introductory,,
https://www.youtube.com/c/PyDataTV/videos,PyData YouTube Channel,"Video series, Repository",Resource Repositories,PyData,Graduate level,Advanced,,
https://www.youtube.com/watch?v=muEku7Svqvo,Introduction to Conditional Statements in R in weecology video series,Video series,Basics of R,Ethan White & Morgan Ernest,Undergraduate level,Introductory,,
https://www.youtube.com/watch?v=N6E_qqhwr7M,Introduction To `if` Statements In R in weecology video series,Video series,Basics of R,Ethan White & Morgan Ernest,Undergraduate level,Introductory,,
https://www.youtube.com/watch?v=JCrbU6bu3_8,Introduction To `else if` And `else` Statements In R in weecology video series,Video series,Basics of R,Ethan White & Morgan Ernest,Undergraduate level,Introductory,,
https://www.youtube.com/watch?v=C3tcEuc_46Y,Using if/else if/else Statements Inside of Functions in R in weecology video series,Video series,Basics of R,Ethan White & Morgan Ernest,Undergraduate level,Introductory,,
https://www.youtube.com/watch?v=jEBErwyiz_Q,Introduction To Nested `if` Statements in R in weecology video series,Video series,Basics of R,Ethan White & Morgan Ernest,Undergraduate level,Introductory,,
https://www.youtube.com/watch?v=0VObf2rMrI8,Introduction to Species Distribution Modeling Using R in weecology video series,Video series,Basics of R,Ethan White & Morgan Ernest,Undergraduate level,Introductory,,
https://www.youtube.com/watch?v=0VObf2rMrI8,Introduction to Species Distribution Modeling Using R in weecology video series,Video series,Statistical Models,Ethan White & Morgan Ernest,Undergraduate level,Introductory,,
https://www.youtube.com/watch?v=TaqlcfCScjw,Introduction to Repeating Things in R in weecology video series,Video series,Basics of R,Ethan White & Morgan Ernest,Undergraduate level,Introductory,,
https://www.youtube.com/watch?v=4Ol_NZnNbHk,Introduction to Repeating Things in R: Using Vectorized Functions in weecology video series,Video series,Basics of R,Ethan White & Morgan Ernest,Undergraduate level,Introductory,,
https://www.youtube.com/watch?v=uZCPLBQ6pb0,Introduction to Repeating Things in R: Apply Functions in weecology video series,Video series,Basics of R,Ethan White & Morgan Ernest,Undergraduate level,Introductory,,
https://www.youtube.com/watch?v=V-a7CVRo-3g,Introduction to Repeating Things in R: Using mapply For Functions with Multiple Vector Arguments in weecology video series,Video series,Basics of R,Ethan White & Morgan Ernest,Undergraduate level,Introductory,,
https://www.youtube.com/watch?v=-zZNrGM5aZ4,Introduction to Repeating Things in R: Combining Your Own Functions With dplyr in weecology video series,Video series,Basics of R,Ethan White & Morgan Ernest,Undergraduate level,Introductory,,
https://www.youtube.com/watch?v=qeWSTeFyg6U,Introduction to Repeating Things in R: Basic For Loops in weecology video series,Video series,Basics of R,Ethan White & Morgan Ernest,Undergraduate level,Introductory,,
https://www.youtube.com/watch?v=vWj5rypEZ4U,Introduction to Repeating Things in R: Looping by Index in weecology video series,Video series,Basics of R,Ethan White & Morgan Ernest,Undergraduate level,Introductory,,
https://www.youtube.com/watch?v=7Wnb2lf1KFM,Introduction to Repeating Things in R: Looping Over Multiple Objects in weecology video series,Video series,Basics of R,Ethan White & Morgan Ernest,Undergraduate level,Introductory,,
https://www.youtube.com/watch?v=_QEFnQ2yOSQ,Introduction to Repeating Things in R: Looping Using Functions in weecology video series,Video series,Basics of R,Ethan White & Morgan Ernest,Undergraduate level,Introductory,,
https://www.youtube.com/watch?v=4-uWgh5kDSc,Introduction to Repeating Things in R: Looping Over Files in weecology video series,Video series,Basics of R,Ethan White & Morgan Ernest,Undergraduate level,Introductory,,
https://www.youtube.com/watch?v=xoHvKQllxtc,Cleaning Data Using tidyr: Introduction in weecology video series,Video series,Basics of R,Ethan White & Morgan Ernest,Undergraduate level,Introductory,,
https://www.youtube.com/watch?v=xoHvKQllxtc,Cleaning Data Using tidyr: Introduction in weecology video series,Video series,Working with Data,Ethan White & Morgan Ernest,Undergraduate level,Introductory,,
https://www.youtube.com/watch?v=iUnn_5_Ss6Y,Cleaning Data Using tidyr: Pivoting Wide Data to be Longer in weecology video series,Video series,Basics of R,Ethan White & Morgan Ernest,Undergraduate level,Introductory,,
https://www.youtube.com/watch?v=iUnn_5_Ss6Y,Cleaning Data Using tidyr: Pivoting Wide Data to be Longer in weecology video series,Video series,Working with Data,Ethan White & Morgan Ernest,Undergraduate level,Introductory,,
https://www.youtube.com/watch?v=1IgjLPy91-o,Cleaning Data Using tidyr: Extracting Data From Within Columns in weecology video series,Video series,Basics of R,Ethan White & Morgan Ernest,Undergraduate level,Introductory,,
https://www.youtube.com/watch?v=1IgjLPy91-o,Cleaning Data Using tidyr: Extracting Data From Within Columns in weecology video series,Video series,Working with Data,Ethan White & Morgan Ernest,Undergraduate level,Introductory,,
https://www.youtube.com/watch?v=Nh0NFYOPE4c,Cleaning Data Using tidyr: Separating Data From Within A Column in weecology video series,Video series,Basics of R,Ethan White & Morgan Ernest,Undergraduate level,Introductory,,
https://www.youtube.com/watch?v=Nh0NFYOPE4c,Cleaning Data Using tidyr: Separating Data From Within A Column in weecology video series,Video series,Working with Data,Ethan White & Morgan Ernest,Undergraduate level,Introductory,,
https://www.youtube.com/watch?v=93A39y_rFzw,Cleaning Data Using tidyr: Combining Data From Multiple Columns in weecology video series,Video series,Basics of R,Ethan White & Morgan Ernest,Undergraduate level,Introductory,,
https://www.youtube.com/watch?v=93A39y_rFzw,Cleaning Data Using tidyr: Combining Data From Multiple Columns in weecology video series,Video series,Working with Data,Ethan White & Morgan Ernest,Undergraduate level,Introductory,,
https://www.youtube.com/watch?v=4i2dQ4HZUiA,Cleaning Data Using tidyr: Making Long Data Wide in weecology video series,Video series,Basics of R,Ethan White & Morgan Ernest,Undergraduate level,Introductory,,
https://www.youtube.com/watch?v=4i2dQ4HZUiA,Cleaning Data Using tidyr: Making Long Data Wide in weecology video series,Video series,Working with Data,Ethan White & Morgan Ernest,Undergraduate level,Introductory,,
https://www.youtube.com/watch?v=v5FQm9Gtshc,Cleaning Data With tidyr: Gappy And Incomplete Data in weecology video series,Video series,Basics of R,Ethan White & Morgan Ernest,Undergraduate level,Introductory,,
https://www.youtube.com/watch?v=v5FQm9Gtshc,Cleaning Data With tidyr: Gappy And Incomplete Data in weecology video series,Video series,Working with Data,Ethan White & Morgan Ernest,Undergraduate level,Introductory,,
https://www.youtube.com/watch?v=7o_doY0FFc8,SQL Databases For dplyr Users: Introduction in weecology video series,Video series,Basics of R,Ethan White & Morgan Ernest,Undergraduate level,Introductory,,
https://www.youtube.com/watch?v=7o_doY0FFc8,SQL Databases For dplyr Users: Introduction in weecology video series,Video series,Working with Data,Ethan White & Morgan Ernest,Undergraduate level,Introductory,,
https://www.youtube.com/watch?v=g1ohIRXi2vY,SQL Databases For dplyr Users: Selecting Columns Using SELECT in weecology video series,Video series,Basics of R,Ethan White & Morgan Ernest,Undergraduate level,Introductory,,
https://www.youtube.com/watch?v=g1ohIRXi2vY,SQL Databases For dplyr Users: Selecting Columns Using SELECT in weecology video series,Video series,Working with Data,Ethan White & Morgan Ernest,Undergraduate level,Introductory,,
https://www.youtube.com/watch?v=MSntXip0wSs,SQL Databases For dplyr Users: Filtering Data Using WHERE in weecology video series,Video series,Basics of R,Ethan White & Morgan Ernest,Undergraduate level,Introductory,,
https://www.youtube.com/watch?v=MSntXip0wSs,SQL Databases For dplyr Users: Filtering Data Using WHERE in weecology video series,Video series,Working with Data,Ethan White & Morgan Ernest,Undergraduate level,Introductory,,
https://www.youtube.com/watch?v=HkcbKC8YCqM,SQL Databases For dplyr Users: Sorting Using ORDER BY in weecology video series,Video series,Basics of R,Ethan White & Morgan Ernest,Undergraduate level,Introductory,,
https://www.youtube.com/watch?v=HkcbKC8YCqM,SQL Databases For dplyr Users: Sorting Using ORDER BY in weecology video series,Video series,Working with Data,Ethan White & Morgan Ernest,Undergraduate level,Introductory,,
https://www.youtube.com/watch?v=OsFShKZVjHY,SQL Databases For dplyr Users: Order Of SQL Keywords in weecology video series,Video series,Basics of R,Ethan White & Morgan Ernest,Undergraduate level,Introductory,,
https://www.youtube.com/watch?v=OsFShKZVjHY,SQL Databases For dplyr Users: Order Of SQL Keywords in weecology video series,Video series,Working with Data,Ethan White & Morgan Ernest,Undergraduate level,Introductory,,
https://www.youtube.com/watch?v=z4fpO3N-Cng,SQL Databases For dplyr Users: Combining Tables Using JOIN in weecology video series,Video series,Basics of R,Ethan White & Morgan Ernest,Undergraduate level,Introductory,,
https://www.youtube.com/watch?v=z4fpO3N-Cng,SQL Databases For dplyr Users: Combining Tables Using JOIN in weecology video series,Video series,Working with Data,Ethan White & Morgan Ernest,Undergraduate level,Introductory,,
https://www.youtube.com/watch?v=F4HP3CXijC8,Working With SQL Databases From R: Introduction & Connecting To Databases in weecology video series,Video series,Basics of R,Ethan White & Morgan Ernest,Undergraduate level,Introductory,,
https://www.youtube.com/watch?v=F4HP3CXijC8,Working With SQL Databases From R: Introduction & Connecting To Databases in weecology video series,Video series,Working with Data,Ethan White & Morgan Ernest,Undergraduate level,Introductory,,
https://www.youtube.com/watch?v=fy_V7TqXEn4,Working With SQL Databases From R: Running SQL Database Queries From R in weecology video series,Video series,Basics of R,Ethan White & Morgan Ernest,Undergraduate level,Introductory,,
https://www.youtube.com/watch?v=fy_V7TqXEn4,Working With SQL Databases From R: Running SQL Database Queries From R in weecology video series,Video series,Working with Data,Ethan White & Morgan Ernest,Undergraduate level,Introductory,,
https://www.youtube.com/watch?v=RM2azMyo9yI,Working With SQL Databases From R: Querying SQL Databases Using dplyr in weecology video series,Video series,Basics of R,Ethan White & Morgan Ernest,Undergraduate level,Introductory,,
https://www.youtube.com/watch?v=RM2azMyo9yI,Working With SQL Databases From R: Querying SQL Databases Using dplyr in weecology video series,Video series,Working with Data,Ethan White & Morgan Ernest,Undergraduate level,Introductory,,
https://www.youtube.com/watch?v=-pZVy_BM_6A,Working With SQL Databases From R: Copying Data From R To A Database in weecology video series,Video series,Basics of R,Ethan White & Morgan Ernest,Undergraduate level,Introductory,,
https://www.youtube.com/watch?v=-pZVy_BM_6A,Working With SQL Databases From R: Copying Data From R To A Database in weecology video series,Video series,Working with Data,Ethan White & Morgan Ernest,Undergraduate level,Introductory,,
https://www.youtube.com/watch?v=74TZw9VMO8w,SQL Databases For dplyr Users: Grouping And Summarizing Data Using GROUP BY in weecology video series,Video series,Basics of R,Ethan White & Morgan Ernest,Undergraduate level,Introductory,,
https://www.youtube.com/watch?v=74TZw9VMO8w,SQL Databases For dplyr Users: Grouping And Summarizing Data Using GROUP BY in weecology video series,Video series,Working with Data,Ethan White & Morgan Ernest,Undergraduate level,Introductory,,
https://serc.carleton.edu/eddie/teaching_materials/modules/module6.html,Understanding Uncertainty in Ecological Forecasts,Module (hands-on),Basics of forecasting,"Tadgh Moore, Cayelan Carey, Quinn Thomas",Undergraduate level,Introductory,,
https://serc.carleton.edu/eddie/teaching_materials/modules/module6.html,Understanding Uncertainty in Ecological Forecasts,Module (hands-on),Uncertainty,"Tadgh Moore, Cayelan Carey, Quinn Thomas",Undergraduate level,Introductory,,
https://serc.carleton.edu/eddie/teaching_materials/modules/module8.html,Using Ecological Forecasts to Guide Decision Making,Module (hands-on),Basics of forecasting,"Whitney Woelmer, Quinn Thomas, Tadgh Moore, Cayelan Carey",Undergraduate level,Introductory,,
https://serc.carleton.edu/eddie/teaching_materials/modules/module8.html,Using Ecological Forecasts to Guide Decision Making,Module (hands-on),Decision science,"Whitney Woelmer, Quinn Thomas, Tadgh Moore, Cayelan Carey",Undergraduate level,Introductory,,